-- phpMyAdmin SQL Dump
-- version 4.9.0.1
-- https://www.phpmyadmin.net/
--
-- Host: localhost:3306
-- Generation Time: Jan 30, 2020 at 08:48 AM
-- Server version: 10.1.43-MariaDB-0ubuntu0.18.04.1
-- PHP Version: 7.3.5

SET SQL_MODE = "NO_AUTO_VALUE_ON_ZERO";
SET AUTOCOMMIT = 0;
START TRANSACTION;
SET time_zone = "+00:00";


/*!40101 SET @OLD_CHARACTER_SET_CLIENT=@@CHARACTER_SET_CLIENT */;
/*!40101 SET @OLD_CHARACTER_SET_RESULTS=@@CHARACTER_SET_RESULTS */;
/*!40101 SET @OLD_COLLATION_CONNECTION=@@COLLATION_CONNECTION */;
/*!40101 SET NAMES utf8mb4 */;

--
-- Database: `intermountain_fur`
--

-- --------------------------------------------------------

--
-- Table structure for table `bid`
--

CREATE TABLE `bid` (
  `id` int(11) NOT NULL,
  `buyer_id` int(11) NOT NULL,
  `seller_item_id` int(11) NOT NULL,
  `bid_amount` decimal(12,2) NOT NULL DEFAULT '0.00',
  `bid_status` varchar(255) COLLATE utf8_unicode_ci NOT NULL DEFAULT 'Unconfirmed',
  `date_created` datetime NOT NULL DEFAULT CURRENT_TIMESTAMP
) ENGINE=InnoDB DEFAULT CHARSET=utf8 COLLATE=utf8_unicode_ci;

--
-- Dumping data for table `bid`
--

INSERT INTO `bid` (`id`, `buyer_id`, `seller_item_id`, `bid_amount`, `bid_status`, `date_created`) VALUES
(29, 26, 229, '10.00', 'Confirmed', '2020-01-18 18:12:01'),
(30, 26, 251, '5.00', 'Confirmed', '2020-01-18 18:12:01'),
(31, 26, 235, '10.00', 'Confirmed', '2020-01-18 18:12:01'),
(32, 19, 211, '36.00', 'Confirmed', '2020-01-18 19:19:16'),
(33, 19, 212, '36.00', 'Confirmed', '2020-01-18 19:19:16'),
(34, 30, 370, '163.20', 'Confirmed', '2020-01-18 19:23:33'),
(35, 30, 156, '95.88', 'Confirmed', '2020-01-18 19:23:33'),
(36, 30, 55, '27.80', 'Confirmed', '2020-01-18 19:23:33'),
(37, 30, 223, '40.00', 'Confirmed', '2020-01-18 19:23:33'),
(38, 28, 152, '30.00', 'Confirmed', '2020-01-18 19:29:23'),
(39, 28, 207, '15.00', 'Confirmed', '2020-01-18 19:29:23'),
(40, 28, 208, '20.00', 'Confirmed', '2020-01-18 19:29:23'),
(41, 28, 209, '11.00', 'Confirmed', '2020-01-18 19:29:23'),
(42, 28, 218, '21.00', 'Confirmed', '2020-01-18 19:29:23'),
(43, 28, 219, '15.00', 'Confirmed', '2020-01-18 19:29:23'),
(44, 28, 220, '12.00', 'Confirmed', '2020-01-18 19:29:23'),
(45, 28, 221, '18.00', 'Confirmed', '2020-01-18 19:29:23'),
(46, 28, 223, '20.50', 'Confirmed', '2020-01-18 19:29:23'),
(47, 28, 239, '8.00', 'Confirmed', '2020-01-18 19:29:23'),
(48, 28, 242, '3.00', 'Confirmed', '2020-01-18 19:29:23'),
(49, 28, 245, '8.00', 'Confirmed', '2020-01-18 19:29:23'),
(50, 28, 248, '15.00', 'Confirmed', '2020-01-18 19:29:23'),
(51, 28, 250, '7.00', 'Confirmed', '2020-01-18 19:29:23'),
(52, 28, 119, '50.00', 'Confirmed', '2020-01-18 19:29:23'),
(54, 31, 211, '40.00', 'Confirmed', '2020-01-18 19:44:26'),
(55, 31, 212, '50.00', 'Confirmed', '2020-01-18 19:44:26'),
(56, 31, 213, '30.00', 'Confirmed', '2020-01-18 19:44:26'),
(60, 6, 71, '252.00', 'Confirmed', '2020-01-18 21:08:04'),
(61, 6, 72, '186.00', 'Confirmed', '2020-01-18 21:08:21'),
(62, 6, 73, '11855.00', 'Confirmed', '2020-01-18 21:14:26'),
(65, 6, 74, '155.00', 'Confirmed', '2020-01-18 21:15:59'),
(66, 6, 39, '3826.00', 'Confirmed', '2020-01-18 21:18:49'),
(67, 6, 58, '953.00', 'Confirmed', '2020-01-18 21:19:20'),
(68, 6, 59, '16.00', 'Confirmed', '2020-01-18 21:19:58'),
(69, 6, 76, '1631.00', 'Confirmed', '2020-01-18 21:20:43'),
(70, 6, 77, '32.00', 'Confirmed', '2020-01-18 21:22:25'),
(72, 6, 80, '1544.00', 'Confirmed', '2020-01-18 21:23:37'),
(73, 6, 69, '4555.00', 'Confirmed', '2020-01-18 21:29:38'),
(74, 6, 70, '46.00', 'Confirmed', '2020-01-18 21:35:14'),
(75, 6, 29, '2405.00', 'Confirmed', '2020-01-18 21:40:50'),
(78, 6, 46, '7828.00', 'Confirmed', '2020-01-18 21:42:28'),
(80, 6, 48, '48.00', 'Confirmed', '2020-01-18 21:43:30'),
(81, 6, 57, '166.00', 'Confirmed', '2020-01-18 21:44:01'),
(82, 6, 66, '53.00', 'Confirmed', '2020-01-18 21:44:24'),
(83, 6, 65, '666.00', 'Confirmed', '2020-01-18 21:45:05'),
(84, 6, 64, '53.00', 'Confirmed', '2020-01-18 21:45:37'),
(85, 6, 149, '84.00', 'Confirmed', '2020-01-18 21:46:17'),
(86, 6, 154, '54.00', 'Confirmed', '2020-01-18 21:46:59'),
(87, 6, 155, '177.00', 'Confirmed', '2020-01-18 21:47:24'),
(88, 6, 61, '205.00', 'Confirmed', '2020-01-18 21:48:00'),
(89, 6, 63, '56.00', 'Confirmed', '2020-01-18 21:48:26'),
(90, 6, 43, '17.00', 'Confirmed', '2020-01-18 21:48:50'),
(91, 6, 44, '444.00', 'Confirmed', '2020-01-18 21:49:20'),
(92, 6, 164, '112.00', 'Confirmed', '2020-01-18 21:49:40'),
(93, 6, 162, '253.00', 'Confirmed', '2020-01-18 21:50:11'),
(94, 6, 16, '153.00', 'Confirmed', '2020-01-18 21:50:44'),
(95, 6, 83, '31.00', 'Confirmed', '2020-01-18 21:51:06'),
(98, 6, 14, '5.00', 'Confirmed', '2020-01-18 21:53:03'),
(99, 6, 13, '196.00', 'Confirmed', '2020-01-18 21:53:26'),
(100, 32, 326, '90.00', 'Confirmed', '2020-01-18 21:53:37'),
(101, 32, 327, '45.00', 'Confirmed', '2020-01-18 21:53:37'),
(102, 32, 388, '50.00', 'Confirmed', '2020-01-18 21:53:37'),
(105, 6, 67, '353.00', 'Confirmed', '2020-01-18 21:56:03'),
(106, 6, 15, '123.00', 'Confirmed', '2020-01-18 21:56:27'),
(109, 6, 17, '156.00', 'Confirmed', '2020-01-18 21:58:18'),
(110, 6, 18, '1777.00', 'Confirmed', '2020-01-18 21:59:45'),
(111, 6, 19, '1018.00', 'Confirmed', '2020-01-18 22:00:10'),
(113, 6, 68, '1122.00', 'Confirmed', '2020-01-18 22:01:33'),
(114, 6, 165, '1117.00', 'Confirmed', '2020-01-18 22:02:04'),
(115, 6, 167, '62.00', 'Confirmed', '2020-01-18 22:02:28'),
(116, 6, 166, '603.00', 'Confirmed', '2020-01-18 22:03:00'),
(117, 6, 175, '1388.00', 'Confirmed', '2020-01-18 22:03:28'),
(120, 6, 178, '205.00', 'Confirmed', '2020-01-18 22:05:13'),
(121, 6, 179, '180.00', 'Confirmed', '2020-01-18 22:06:05'),
(122, 6, 157, '33.00', 'Confirmed', '2020-01-18 22:06:23'),
(123, 6, 158, '163.00', 'Confirmed', '2020-01-18 22:06:50'),
(124, 6, 147, '182.00', 'Confirmed', '2020-01-18 22:07:13'),
(125, 6, 148, '686.00', 'Confirmed', '2020-01-18 22:07:46'),
(126, 6, 139, '77.00', 'Confirmed', '2020-01-18 22:08:05'),
(127, 6, 140, '5323.00', 'Confirmed', '2020-01-18 22:08:32'),
(128, 6, 141, '146.00', 'Confirmed', '2020-01-18 22:08:53'),
(129, 6, 142, '43.00', 'Confirmed', '2020-01-18 22:09:16'),
(130, 6, 135, '106.00', 'Confirmed', '2020-01-18 22:09:40'),
(131, 6, 136, '22.00', 'Confirmed', '2020-01-18 22:10:01'),
(132, 6, 132, '3466.00', 'Confirmed', '2020-01-18 22:10:57'),
(133, 6, 133, '136.00', 'Confirmed', '2020-01-18 22:11:29'),
(134, 6, 126, '517.00', 'Confirmed', '2020-01-18 22:11:57'),
(135, 6, 127, '161.00', 'Confirmed', '2020-01-18 22:12:15'),
(136, 6, 124, '171.00', 'Confirmed', '2020-01-18 22:12:39'),
(137, 6, 125, '0.00', 'Confirmed', '2020-01-18 22:13:24'),
(138, 6, 26, '0.00', 'Confirmed', '2020-01-18 22:13:58'),
(139, 6, 27, '101.00', 'Confirmed', '2020-01-18 22:14:29'),
(140, 6, 28, '0.00', 'Confirmed', '2020-01-18 22:15:00'),
(141, 6, 116, '23.00', 'Confirmed', '2020-01-18 22:15:27'),
(142, 6, 108, '36.00', 'Confirmed', '2020-01-18 22:15:51'),
(143, 6, 110, '170.00', 'Confirmed', '2020-01-18 22:16:21'),
(144, 6, 109, '48.00', 'Confirmed', '2020-01-18 22:16:51'),
(145, 6, 111, '468.00', 'Confirmed', '2020-01-18 22:17:16'),
(146, 6, 121, '125.00', 'Confirmed', '2020-01-18 22:17:54'),
(147, 6, 122, '818.00', 'Confirmed', '2020-01-18 22:18:22'),
(148, 6, 123, '152.00', 'Confirmed', '2020-01-18 22:18:49'),
(149, 6, 114, '283.00', 'Confirmed', '2020-01-18 22:19:14'),
(150, 6, 92, '8655.00', 'Confirmed', '2020-01-18 22:20:07'),
(151, 6, 93, '153.00', 'Confirmed', '2020-01-18 22:21:54'),
(152, 6, 94, '255.00', 'Confirmed', '2020-01-18 22:22:46'),
(153, 6, 105, '322.00', 'Confirmed', '2020-01-18 22:24:23'),
(154, 6, 106, '70.00', 'Confirmed', '2020-01-18 22:24:46'),
(155, 6, 107, '0.00', 'Confirmed', '2020-01-18 22:25:10'),
(156, 6, 99, '666.00', 'Confirmed', '2020-01-18 22:25:48'),
(158, 6, 101, '266.00', 'Confirmed', '2020-01-18 22:26:36'),
(161, 6, 96, '211.00', 'Confirmed', '2020-01-18 22:27:36'),
(162, 6, 97, '63.00', 'Confirmed', '2020-01-18 22:27:54'),
(163, 6, 120, '266.00', 'Confirmed', '2020-01-18 22:28:15'),
(164, 6, 112, '6855.00', 'Confirmed', '2020-01-18 22:29:19'),
(165, 6, 113, '146.00', 'Confirmed', '2020-01-18 22:29:37'),
(170, 6, 134, '283.00', 'Confirmed', '2020-01-18 22:31:13'),
(171, 6, 131, '3141.00', 'Confirmed', '2020-01-18 22:31:33'),
(172, 6, 130, '71.00', 'Confirmed', '2020-01-18 22:31:58'),
(173, 6, 192, '128.00', 'Confirmed', '2020-01-18 22:32:20'),
(174, 6, 193, '82.00', 'Confirmed', '2020-01-18 22:32:37'),
(175, 6, 186, '262.00', 'Confirmed', '2020-01-18 22:33:51'),
(176, 6, 187, '828.00', 'Confirmed', '2020-01-18 22:34:34'),
(177, 6, 188, '24.00', 'Confirmed', '2020-01-18 22:34:54'),
(178, 6, 180, '43.00', 'Confirmed', '2020-01-18 22:35:12'),
(179, 6, 181, '63.00', 'Confirmed', '2020-01-18 22:35:28'),
(180, 6, 174, '21.00', 'Confirmed', '2020-01-18 22:35:45'),
(181, 6, 173, '3434.00', 'Confirmed', '2020-01-18 22:36:12'),
(182, 6, 170, '209.00', 'Confirmed', '2020-01-18 22:36:34'),
(183, 6, 171, '51.00', 'Confirmed', '2020-01-18 22:36:58'),
(184, 6, 172, '316.00', 'Confirmed', '2020-01-18 22:37:27'),
(185, 6, 169, '35.00', 'Confirmed', '2020-01-18 22:38:41'),
(186, 6, 168, '641.00', 'Confirmed', '2020-01-18 22:39:01'),
(187, 6, 200, '243.00', 'Confirmed', '2020-01-18 22:39:22'),
(188, 6, 195, '1633.00', 'Confirmed', '2020-01-18 22:39:48'),
(191, 6, 201, '267.00', 'Confirmed', '2020-01-18 22:41:17'),
(192, 6, 196, '253.00', 'Confirmed', '2020-01-18 22:41:38'),
(194, 6, 189, '1214.00', 'Confirmed', '2020-01-18 22:42:54'),
(195, 6, 190, '213.00', 'Confirmed', '2020-01-18 22:43:14'),
(196, 6, 202, '1120.00', 'Confirmed', '2020-01-18 22:43:30'),
(197, 6, 205, '1216.00', 'Confirmed', '2020-01-18 22:44:02'),
(198, 6, 206, '0.00', 'Confirmed', '2020-01-18 22:44:21'),
(199, 6, 204, '2575.00', 'Confirmed', '2020-01-18 22:44:50'),
(200, 6, 279, '212.00', 'Confirmed', '2020-01-18 22:45:12'),
(201, 6, 281, '17.00', 'Confirmed', '2020-01-18 22:45:29'),
(202, 6, 277, '352.00', 'Confirmed', '2020-01-18 22:45:49'),
(205, 6, 287, '649.00', 'Confirmed', '2020-01-18 22:46:52'),
(206, 6, 344, '16.00', 'Confirmed', '2020-01-18 22:47:10'),
(207, 6, 283, '455.00', 'Confirmed', '2020-01-18 22:47:29'),
(208, 6, 284, '142.00', 'Confirmed', '2020-01-18 22:47:52'),
(209, 6, 285, '310.00', 'Confirmed', '2020-01-18 22:48:14'),
(210, 6, 286, '63.00', 'Confirmed', '2020-01-18 22:49:13'),
(211, 6, 290, '526.00', 'Confirmed', '2020-01-18 22:49:42'),
(212, 6, 292, '608.00', 'Confirmed', '2020-01-18 22:50:14'),
(213, 6, 293, '204.00', 'Confirmed', '2020-01-18 22:50:37'),
(214, 6, 294, '166.00', 'Confirmed', '2020-01-18 22:51:04'),
(215, 6, 295, '255.00', 'Confirmed', '2020-01-18 22:51:28'),
(218, 6, 385, '767.00', 'Confirmed', '2020-01-18 22:52:36'),
(220, 6, 300, '41.00', 'Confirmed', '2020-01-18 22:53:13'),
(221, 6, 301, '156.00', 'Confirmed', '2020-01-18 22:53:35'),
(222, 6, 302, '212.00', 'Confirmed', '2020-01-18 22:53:54'),
(223, 6, 305, '1152.00', 'Confirmed', '2020-01-18 22:54:16'),
(224, 6, 332, '3663.00', 'Confirmed', '2020-01-18 22:54:35'),
(225, 6, 334, '777.00', 'Confirmed', '2020-01-18 22:54:54'),
(226, 6, 333, '147.00', 'Confirmed', '2020-01-18 22:55:16'),
(227, 6, 311, '243.00', 'Confirmed', '2020-01-18 22:55:36'),
(229, 6, 312, '226.00', 'Confirmed', '2020-01-18 22:56:33'),
(235, 6, 310, '1213.00', 'Confirmed', '2020-01-18 22:59:18'),
(236, 6, 329, '723.00', 'Confirmed', '2020-01-18 22:59:40'),
(237, 6, 331, '555.00', 'Confirmed', '2020-01-18 22:59:58'),
(238, 6, 330, '31.00', 'Confirmed', '2020-01-18 23:00:20'),
(239, 6, 320, '942.00', 'Confirmed', '2020-01-18 23:00:42'),
(240, 6, 321, '455.00', 'Confirmed', '2020-01-18 23:01:36'),
(241, 6, 322, '16.00', 'Confirmed', '2020-01-18 23:02:05'),
(243, 6, 323, '3265.00', 'Confirmed', '2020-01-18 23:03:30'),
(244, 6, 324, '106.00', 'Confirmed', '2020-01-18 23:04:22'),
(245, 6, 325, '341.00', 'Confirmed', '2020-01-18 23:04:48'),
(246, 6, 375, '1247.00', 'Confirmed', '2020-01-18 23:05:29'),
(247, 6, 341, '0.00', 'Confirmed', '2020-01-18 23:05:54'),
(248, 6, 342, '1460.00', 'Confirmed', '2020-01-18 23:06:37'),
(250, 6, 337, '277.00', 'Confirmed', '2020-01-18 23:10:26'),
(251, 24, 72, '180.00', 'Confirmed', '2020-01-18 23:10:39'),
(252, 6, 339, '2222.00', 'Confirmed', '2020-01-18 23:10:52'),
(253, 24, 167, '71.01', 'Confirmed', '2020-01-18 23:11:16'),
(254, 6, 338, '75.00', 'Confirmed', '2020-01-18 23:11:19'),
(255, 24, 109, '45.01', 'Confirmed', '2020-01-18 23:11:37'),
(256, 6, 346, '2626.00', 'Confirmed', '2020-01-18 23:11:51'),
(257, 24, 324, '125.01', 'Confirmed', '2020-01-18 23:12:04'),
(258, 6, 347, '88.00', 'Confirmed', '2020-01-18 23:12:14'),
(259, 24, 221, '10.01', 'Confirmed', '2020-01-18 23:12:31'),
(260, 24, 228, '3.01', 'Confirmed', '2020-01-18 23:12:45'),
(261, 6, 348, '131.00', 'Confirmed', '2020-01-18 23:12:52'),
(262, 24, 231, '12.01', 'Confirmed', '2020-01-18 23:12:58'),
(263, 24, 238, '5.01', 'Confirmed', '2020-01-18 23:13:12'),
(264, 6, 345, '187.00', 'Confirmed', '2020-01-18 23:13:25'),
(265, 24, 248, '12.01', 'Confirmed', '2020-01-18 23:13:30'),
(266, 6, 349, '77.00', 'Confirmed', '2020-01-18 23:13:44'),
(268, 6, 371, '166.00', 'Confirmed', '2020-01-18 23:14:06'),
(269, 6, 376, '4.00', 'Confirmed', '2020-01-18 23:14:22'),
(270, 6, 377, '231.00', 'Confirmed', '2020-01-18 23:14:45'),
(271, 6, 373, '56.00', 'Confirmed', '2020-01-18 23:15:12'),
(272, 6, 374, '23.00', 'Confirmed', '2020-01-18 23:15:38'),
(273, 20, 118, '20.01', 'Confirmed', '2020-01-18 23:37:13'),
(274, 20, 23, '60.48', 'Confirmed', '2020-01-18 23:37:43'),
(275, 34, 87, '8.00', 'Confirmed', '2020-01-18 23:38:08'),
(276, 34, 324, '35.50', 'Confirmed', '2020-01-18 23:38:08'),
(277, 34, 107, '20.00', 'Confirmed', '2020-01-18 23:38:08'),
(278, 20, 151, '25.00', 'Confirmed', '2020-01-18 23:38:38'),
(279, 20, 211, '15.00', 'Confirmed', '2020-01-18 23:39:14'),
(280, 20, 152, '37.50', 'Confirmed', '2020-01-18 23:40:02'),
(282, 20, 206, '5.50', 'Confirmed', '2020-01-18 23:41:14'),
(283, 20, 167, '60.48', 'Confirmed', '2020-01-18 23:41:59'),
(285, 20, 14, '2.00', 'Confirmed', '2020-01-18 23:42:39'),
(286, 20, 139, '48.00', 'Confirmed', '2020-01-18 23:43:18'),
(288, 20, 72, '144.00', 'Confirmed', '2020-01-18 23:44:06'),
(289, 33, 218, '15.00', 'Confirmed', '2020-01-18 23:44:17'),
(290, 33, 219, '15.00', 'Confirmed', '2020-01-18 23:44:17'),
(291, 33, 220, '15.00', 'Confirmed', '2020-01-18 23:44:17'),
(292, 33, 221, '18.00', 'Confirmed', '2020-01-18 23:44:17'),
(293, 33, 255, '3.00', 'Confirmed', '2020-01-18 23:44:17'),
(294, 33, 256, '3.00', 'Confirmed', '2020-01-18 23:44:17'),
(295, 33, 259, '10.00', 'Confirmed', '2020-01-18 23:44:17'),
(296, 33, 261, '20.00', 'Confirmed', '2020-01-18 23:44:17'),
(297, 33, 262, '18.00', 'Confirmed', '2020-01-18 23:44:17'),
(298, 33, 263, '20.00', 'Confirmed', '2020-01-18 23:44:17'),
(299, 33, 268, '20.00', 'Confirmed', '2020-01-18 23:44:17'),
(300, 33, 266, '20.00', 'Confirmed', '2020-01-18 23:44:17'),
(301, 33, 267, '20.00', 'Confirmed', '2020-01-18 23:44:17'),
(306, 20, 59, '5.50', 'Confirmed', '2020-01-18 23:44:23'),
(307, 20, 107, '26.00', 'Confirmed', '2020-01-18 23:46:22'),
(308, 20, 106, '20.01', 'Confirmed', '2020-01-18 23:46:38'),
(309, 20, 70, '33.00', 'Confirmed', '2020-01-18 23:47:08'),
(311, 25, 213, '20.00', 'Confirmed', '2020-01-18 23:47:49'),
(312, 25, 251, '5.00', 'Confirmed', '2020-01-18 23:47:49'),
(313, 25, 253, '20.00', 'Confirmed', '2020-01-18 23:47:49'),
(314, 25, 271, '20.00', 'Confirmed', '2020-01-18 23:47:49'),
(315, 20, 109, '20.01', 'Confirmed', '2020-01-18 23:48:57'),
(316, 20, 108, '37.50', 'Confirmed', '2020-01-18 23:49:24'),
(317, 20, 46, '15.00', 'Confirmed', '2020-01-18 23:49:37'),
(318, 20, 125, '2.00', 'Confirmed', '2020-01-18 23:49:57'),
(319, 20, 48, '20.01', 'Confirmed', '2020-01-18 23:50:12'),
(320, 20, 43, '1.00', 'Confirmed', '2020-01-18 23:50:33'),
(321, 20, 64, '32.00', 'Confirmed', '2020-01-18 23:51:03'),
(322, 20, 83, '22.00', 'Confirmed', '2020-01-18 23:51:21'),
(325, 20, 374, '9.00', 'Confirmed', '2020-01-18 23:52:44'),
(326, 20, 280, '0.76', 'Confirmed', '2020-01-18 23:52:56'),
(327, 20, 324, '37.50', 'Confirmed', '2020-01-18 23:54:19'),
(328, 21, 152, '20.00', 'Confirmed', '2020-01-18 23:54:41'),
(330, 21, 262, '20.00', 'Confirmed', '2020-01-18 23:54:41'),
(331, 21, 268, '20.00', 'Confirmed', '2020-01-18 23:54:41'),
(332, 21, 85, '20.00', 'Confirmed', '2020-01-18 23:54:41'),
(333, 6, 20, '0.00', 'Confirmed', '2020-01-18 23:56:07'),
(334, 6, 21, '20.25', 'Confirmed', '2020-01-18 23:56:35'),
(335, 6, 40, '211.00', 'Confirmed', '2020-01-18 23:56:48'),
(336, 6, 50, '66.00', 'Confirmed', '2020-01-18 23:57:02'),
(337, 6, 54, '62.00', 'Confirmed', '2020-01-18 23:57:22'),
(338, 6, 51, '11.00', 'Confirmed', '2020-01-18 23:57:35'),
(339, 6, 49, '303.00', 'Confirmed', '2020-01-18 23:57:54'),
(340, 6, 23, '75.00', 'Confirmed', '2020-01-18 23:58:39'),
(341, 6, 387, '20.50', 'Confirmed', '2020-01-18 23:59:00'),
(342, 6, 45, '4.00', 'Confirmed', '2020-01-18 23:59:16'),
(343, 6, 159, '6.00', 'Confirmed', '2020-01-18 23:59:30'),
(344, 35, 119, '103.60', 'Confirmed', '2020-01-18 23:59:41'),
(345, 6, 160, '0.00', 'Confirmed', '2020-01-18 23:59:46'),
(346, 6, 161, '33.00', 'Confirmed', '2020-01-19 00:00:03'),
(347, 6, 137, '16.00', 'Confirmed', '2020-01-19 00:00:18'),
(348, 6, 138, '4.00', 'Confirmed', '2020-01-19 00:00:33'),
(349, 6, 128, '0.00', 'Confirmed', '2020-01-19 00:00:49'),
(350, 6, 386, '78.00', 'Confirmed', '2020-01-19 00:01:25'),
(351, 6, 117, '1.00', 'Confirmed', '2020-01-19 00:01:45'),
(352, 6, 118, '18.00', 'Confirmed', '2020-01-19 00:02:04'),
(353, 6, 95, '31.00', 'Confirmed', '2020-01-19 00:02:18'),
(355, 6, 194, '6.00', 'Confirmed', '2020-01-19 00:02:46'),
(356, 6, 182, '71.00', 'Confirmed', '2020-01-19 00:03:00'),
(357, 6, 183, '9.00', 'Confirmed', '2020-01-19 00:03:20'),
(358, 6, 184, '4.00', 'Confirmed', '2020-01-19 00:03:33'),
(359, 6, 185, '14.00', 'Confirmed', '2020-01-19 00:03:48'),
(360, 6, 386, '0.00', 'Confirmed', '2020-01-19 00:04:02'),
(361, 6, 282, '0.00', 'Confirmed', '2020-01-19 00:04:24'),
(362, 6, 303, '13.00', 'Confirmed', '2020-01-19 00:04:38'),
(363, 6, 304, '1.00', 'Confirmed', '2020-01-19 00:05:05'),
(364, 6, 336, '26.00', 'Confirmed', '2020-01-19 00:05:29'),
(365, 6, 350, '72.00', 'Confirmed', '2020-01-19 00:05:47'),
(366, 36, 207, '20.00', 'Confirmed', '2020-01-19 00:06:01'),
(367, 36, 208, '15.00', 'Confirmed', '2020-01-19 00:06:01'),
(368, 36, 209, '10.00', 'Confirmed', '2020-01-19 00:06:01'),
(369, 36, 247, '10.00', 'Confirmed', '2020-01-19 00:06:01'),
(370, 36, 248, '20.00', 'Confirmed', '2020-01-19 00:06:01'),
(371, 36, 244, '20.00', 'Confirmed', '2020-01-19 00:06:01'),
(373, 36, 264, '25.00', 'Confirmed', '2020-01-19 00:06:01'),
(374, 36, 265, '25.00', 'Confirmed', '2020-01-19 00:06:01'),
(375, 36, 265, '25.00', 'Confirmed', '2020-01-19 00:06:01'),
(376, 36, 266, '25.00', 'Confirmed', '2020-01-19 00:06:01'),
(377, 36, 267, '25.00', 'Confirmed', '2020-01-19 00:06:01'),
(378, 36, 268, '25.00', 'Confirmed', '2020-01-19 00:06:01'),
(379, 36, 269, '15.00', 'Confirmed', '2020-01-19 00:06:01'),
(380, 36, 270, '40.00', 'Confirmed', '2020-01-19 00:06:01'),
(381, 6, 353, '315.00', 'Confirmed', '2020-01-19 00:06:42'),
(382, 6, 354, '76.00', 'Confirmed', '2020-01-19 00:07:03'),
(384, 6, 378, '28.00', 'Confirmed', '2020-01-19 00:07:40'),
(385, 6, 335, '65.00', 'Confirmed', '2020-01-19 00:08:02'),
(386, 6, 308, '266.00', 'Confirmed', '2020-01-19 00:09:55'),
(387, 6, 309, '88.00', 'Confirmed', '2020-01-19 00:10:19'),
(388, 6, 319, '255.00', 'Confirmed', '2020-01-19 00:10:37'),
(389, 6, 221, '41.00', 'Confirmed', '2020-01-19 00:10:56'),
(391, 6, 223, '21.00', 'Confirmed', '2020-01-19 00:11:41'),
(393, 6, 246, '7.00', 'Confirmed', '2020-01-19 00:12:04'),
(394, 6, 247, '7.00', 'Confirmed', '2020-01-19 00:12:18'),
(395, 6, 248, '43.00', 'Confirmed', '2020-01-19 00:12:31'),
(396, 6, 328, '110.00', 'Confirmed', '2020-01-19 00:12:50'),
(397, 6, 156, '122.00', 'Confirmed', '2020-01-19 00:13:09'),
(398, 6, 370, '205.00', 'Confirmed', '2020-01-19 00:13:25'),
(399, 6, 42, '454.00', 'Confirmed', '2020-01-19 00:13:51'),
(400, 6, 379, '146.00', 'Confirmed', '2020-01-19 00:25:10'),
(403, 6, 52, '311.00', 'Confirmed', '2020-01-19 00:42:23'),
(404, 6, 81, '2377.00', 'Confirmed', '2020-01-19 00:45:02'),
(405, 6, 82, '2626.00', 'Confirmed', '2020-01-19 00:46:29'),
(406, 6, 11, '4141.00', 'Confirmed', '2020-01-19 00:47:38'),
(407, 6, 56, '555.00', 'Confirmed', '2020-01-19 01:05:27'),
(408, 6, 84, '106.00', 'Confirmed', '2020-01-19 01:21:24'),
(409, 6, 85, '26.00', 'Confirmed', '2020-01-19 01:21:36'),
(410, 6, 86, '7.00', 'Confirmed', '2020-01-19 01:21:51'),
(411, 6, 86, '7.00', 'Confirmed', '2020-01-19 01:21:51'),
(412, 6, 87, '3.00', 'Confirmed', '2020-01-19 01:22:07'),
(413, 6, 143, '121.00', 'Confirmed', '2020-01-19 01:23:01'),
(414, 19, 20, '1.00', 'Unconfirmed', '2020-01-19 01:34:05'),
(415, 19, 20, '1.00', 'Unconfirmed', '2020-01-19 01:40:00'),
(416, 18, 107, '61.22', 'Confirmed', '2020-01-19 07:09:23'),
(417, 18, 324, '93.22', 'Confirmed', '2020-01-19 07:09:54'),
(418, 18, 48, '41.22', 'Confirmed', '2020-01-19 07:10:45'),
(419, 18, 155, '210.22', 'Confirmed', '2020-01-19 07:12:07'),
(420, 18, 66, '50.22', 'Confirmed', '2020-01-19 07:12:40'),
(421, 18, 64, '65.22', 'Confirmed', '2020-01-19 07:13:08'),
(422, 18, 63, '42.22', 'Confirmed', '2020-01-19 07:13:31'),
(423, 18, 109, '51.22', 'Confirmed', '2020-01-19 07:16:08'),
(424, 18, 287, '744.22', 'Confirmed', '2020-01-19 07:16:57'),
(425, 18, 283, '520.22', 'Confirmed', '2020-01-19 07:17:19'),
(426, 18, 385, '883.22', 'Confirmed', '2020-01-19 07:17:32'),
(427, 18, 301, '151.22', 'Confirmed', '2020-01-19 07:22:08'),
(428, 18, 170, '152.22', 'Confirmed', '2020-01-19 07:22:25'),
(431, 18, 325, '280.22', 'Confirmed', '2020-01-19 07:23:17'),
(432, 18, 42, '464.22', 'Confirmed', '2020-01-19 07:23:50'),
(433, 18, 156, '128.22', 'Confirmed', '2020-01-19 07:24:13'),
(434, 18, 370, '208.22', 'Confirmed', '2020-01-19 07:24:29'),
(435, 18, 328, '120.22', 'Confirmed', '2020-01-19 07:24:48'),
(436, 18, 21, '15.50', 'Confirmed', '2020-01-19 07:25:57'),
(437, 18, 49, '348.50', 'Confirmed', '2020-01-19 07:26:14'),
(438, 18, 387, '17.22', 'Confirmed', '2020-01-19 07:26:54'),
(439, 18, 159, '5.22', 'Confirmed', '2020-01-19 07:27:24'),
(440, 18, 51, '15.22', 'Confirmed', '2020-01-19 07:27:49'),
(441, 18, 56, '522.22', 'Confirmed', '2020-01-19 07:28:11'),
(442, 18, 183, '4.22', 'Confirmed', '2020-01-19 07:28:32'),
(443, 18, 304, '1.50', 'Confirmed', '2020-01-19 07:28:56'),
(444, 18, 379, '119.22', 'Confirmed', '2020-01-19 07:31:03'),
(445, 18, 117, '0.75', 'Confirmed', '2020-01-19 07:31:17'),
(446, 18, 264, '95.22', 'Confirmed', '2020-01-19 07:31:53'),
(447, 18, 265, '40.22', 'Confirmed', '2020-01-19 07:32:14'),
(448, 18, 266, '40.22', 'Confirmed', '2020-01-19 07:32:25'),
(449, 18, 267, '40.22', 'Confirmed', '2020-01-19 07:32:39'),
(450, 18, 268, '40.22', 'Confirmed', '2020-01-19 07:32:51'),
(451, 18, 269, '17.50', 'Confirmed', '2020-01-19 07:33:35'),
(452, 18, 218, '10.22', 'Confirmed', '2020-01-19 07:33:52'),
(453, 18, 219, '10.22', 'Confirmed', '2020-01-19 07:34:02'),
(454, 18, 220, '10.22', 'Confirmed', '2020-01-19 07:34:15'),
(457, 18, 149, '55.22', 'Confirmed', '2020-01-19 07:34:57'),
(458, 18, 163, '117.29', 'Confirmed', '2020-01-19 07:36:55'),
(459, 18, 60, '58.34', 'Confirmed', '2020-01-19 07:37:39'),
(460, 18, 55, '20.79', 'Confirmed', '2020-01-19 07:38:21'),
(461, 18, 79, '58.40', 'Confirmed', '2020-01-19 07:38:47'),
(462, 18, 129, '44.70', 'Confirmed', '2020-01-19 07:39:26'),
(463, 18, 88, '14.00', 'Confirmed', '2020-01-19 07:39:54'),
(464, 18, 203, '13.20', 'Confirmed', '2020-01-19 07:40:20'),
(465, 9, 74, '177.77', 'Confirmed', '2020-01-19 15:14:54'),
(466, 9, 39, '2677.77', 'Confirmed', '2020-01-19 15:16:34'),
(467, 9, 29, '2187.77', 'Confirmed', '2020-01-19 15:22:42'),
(468, 9, 46, '5919.77', 'Confirmed', '2020-01-19 15:24:01'),
(469, 9, 82, '1497.77', 'Confirmed', '2020-01-19 15:25:24'),
(470, 9, 11, '2831.77', 'Confirmed', '2020-01-19 15:26:13'),
(471, 9, 175, '879.77', 'Confirmed', '2020-01-19 15:27:08'),
(473, 9, 189, '1147.77', 'Confirmed', '2020-01-19 15:31:42'),
(474, 9, 202, '701.77', 'Confirmed', '2020-01-19 15:32:16'),
(475, 9, 332, '2693.77', 'Confirmed', '2020-01-19 15:33:53'),
(476, 9, 323, '2277.77', 'Confirmed', '2020-01-19 15:34:36'),
(477, 38, 326, '215.00', 'Confirmed', '2020-01-19 15:36:02'),
(480, 23, 70, '32.50', 'Confirmed', '2020-01-19 15:37:29'),
(482, 23, 48, '51.78', 'Confirmed', '2020-01-19 15:37:46'),
(483, 38, 388, '10.00', 'Confirmed', '2020-01-19 15:38:04'),
(484, 38, 213, '25.00', 'Confirmed', '2020-01-19 15:38:31'),
(485, 38, 232, '3.50', 'Confirmed', '2020-01-19 15:38:52'),
(486, 23, 64, '59.78', 'Confirmed', '2020-01-19 15:38:52'),
(487, 23, 63, '68.78', 'Confirmed', '2020-01-19 15:39:58'),
(488, 38, 327, '110.00', 'Confirmed', '2020-01-19 15:40:56'),
(489, 23, 191, '450.00', 'Confirmed', '2020-01-19 15:42:17'),
(490, 23, 151, '60.00', 'Confirmed', '2020-01-19 15:46:32'),
(491, 23, 184, '12.00', 'Confirmed', '2020-01-19 15:46:56'),
(492, 23, 280, '3.00', 'Confirmed', '2020-01-19 15:47:18'),
(493, 23, 23, '119.00', 'Confirmed', '2020-01-19 15:47:33'),
(494, 23, 50, '199.00', 'Confirmed', '2020-01-19 15:48:06'),
(495, 23, 295, '166.00', 'Confirmed', '2020-01-19 15:48:34'),
(496, 23, 107, '52.00', 'Confirmed', '2020-01-19 15:48:56'),
(497, 23, 109, '55.00', 'Confirmed', '2020-01-19 15:49:24'),
(499, 9, 396, '8767.77', 'Confirmed', '2020-01-19 15:53:34'),
(500, 10, 389, '6187.37', 'Confirmed', '2020-01-19 15:55:17'),
(503, 15, 72, '90.01', 'Confirmed', '2020-01-19 15:56:56'),
(505, 9, 395, '8047.77', 'Confirmed', '2020-01-19 15:58:16'),
(507, 15, 59, '5.00', 'Confirmed', '2020-01-19 15:58:39'),
(508, 18, 203, '13.20', 'Confirmed', '2020-01-19 15:58:42'),
(509, 15, 77, '19.95', 'Confirmed', '2020-01-19 15:59:01'),
(510, 15, 394, '187.56', 'Confirmed', '2020-01-19 15:59:44'),
(512, 15, 70, '45.01', 'Confirmed', '2020-01-19 16:00:48'),
(514, 15, 48, '29.95', 'Confirmed', '2020-01-19 16:01:25'),
(515, 15, 57, '76.09', 'Confirmed', '2020-01-19 16:01:40'),
(516, 10, 73, '13493.37', 'Confirmed', '2020-01-19 16:01:54'),
(517, 15, 149, '15.09', 'Confirmed', '2020-01-19 16:02:01'),
(518, 10, 74, '139.37', 'Confirmed', '2020-01-19 16:02:12'),
(519, 15, 154, '6.51', 'Confirmed', '2020-01-19 16:02:21'),
(520, 10, 39, '3075.37', 'Confirmed', '2020-01-19 16:02:29'),
(522, 15, 155, '35.07', 'Confirmed', '2020-01-19 16:02:44'),
(523, 10, 76, '1382.87', 'Confirmed', '2020-01-19 16:02:48'),
(525, 15, 43, '5.01', 'Confirmed', '2020-01-19 16:03:02'),
(526, 10, 390, '6804.37', 'Confirmed', '2020-01-19 16:03:17'),
(527, 15, 164, '30.01', 'Confirmed', '2020-01-19 16:03:21'),
(529, 15, 83, '15.01', 'Confirmed', '2020-01-19 16:03:44'),
(530, 15, 14, '5.01', 'Confirmed', '2020-01-19 16:03:57'),
(531, 10, 395, '14577.37', 'Confirmed', '2020-01-19 16:03:58'),
(532, 27, 265, '36.00', 'Confirmed', '2020-01-19 16:03:59'),
(533, 27, 266, '36.00', 'Confirmed', '2020-01-19 16:03:59'),
(534, 27, 267, '36.00', 'Confirmed', '2020-01-19 16:03:59'),
(535, 27, 268, '36.00', 'Confirmed', '2020-01-19 16:03:59'),
(536, 27, 268, '36.00', 'Confirmed', '2020-01-19 16:03:59'),
(537, 27, 269, '5.00', 'Confirmed', '2020-01-19 16:03:59'),
(538, 27, 218, '18.50', 'Confirmed', '2020-01-19 16:03:59'),
(539, 27, 219, '18.50', 'Confirmed', '2020-01-19 16:03:59'),
(540, 27, 220, '18.50', 'Confirmed', '2020-01-19 16:03:59'),
(545, 15, 67, '30.09', 'Confirmed', '2020-01-19 16:04:27'),
(546, 29, 63, '56.56', 'Confirmed', '2020-01-19 16:04:27'),
(547, 18, 396, '18963.22', 'Confirmed', '2020-01-19 16:04:39'),
(548, 15, 17, '232.56', 'Confirmed', '2020-01-19 16:04:56'),
(549, 15, 167, '35.09', 'Confirmed', '2020-01-19 16:05:13'),
(550, 29, 94, '250.56', 'Confirmed', '2020-01-19 16:05:15'),
(551, 10, 69, '5643.37', 'Confirmed', '2020-01-19 16:05:31'),
(552, 15, 179, '51.00', 'Confirmed', '2020-01-19 16:05:32'),
(553, 29, 201, '131.28', 'Confirmed', '2020-01-19 16:05:47'),
(554, 15, 157, '20.09', 'Confirmed', '2020-01-19 16:06:08'),
(555, 29, 202, '949.28', 'Confirmed', '2020-01-19 16:06:13'),
(556, 10, 29, '3734.37', 'Confirmed', '2020-01-19 16:06:16'),
(557, 15, 158, '30.01', 'Confirmed', '2020-01-19 16:06:26'),
(558, 10, 46, '7144.37', 'Confirmed', '2020-01-19 16:06:36'),
(559, 29, 205, '345.28', 'Confirmed', '2020-01-19 16:06:39'),
(560, 15, 139, '40.01', 'Confirmed', '2020-01-19 16:06:50'),
(562, 10, 44, '712.37', 'Confirmed', '2020-01-19 16:07:01'),
(563, 15, 142, '15.01', 'Confirmed', '2020-01-19 16:07:15'),
(564, 29, 290, '502.28', 'Confirmed', '2020-01-19 16:07:29'),
(565, 10, 162, '486.37', 'Confirmed', '2020-01-19 16:07:31'),
(566, 15, 135, '35.01', 'Confirmed', '2020-01-19 16:07:32'),
(567, 15, 136, '15.01', 'Confirmed', '2020-01-19 16:07:49'),
(568, 10, 82, '1957.37', 'Confirmed', '2020-01-19 16:07:55'),
(570, 15, 133, '50.01', 'Confirmed', '2020-01-19 16:08:04'),
(571, 10, 11, '4483.37', 'Confirmed', '2020-01-19 16:08:12'),
(572, 15, 127, '51.62', 'Confirmed', '2020-01-19 16:08:19'),
(574, 15, 125, '3.01', 'Confirmed', '2020-01-19 16:08:30'),
(575, 10, 67, '307.37', 'Confirmed', '2020-01-19 16:08:32'),
(577, 15, 26, '10.01', 'Confirmed', '2020-01-19 16:08:50'),
(578, 15, 28, '3.09', 'Confirmed', '2020-01-19 16:09:03'),
(579, 29, 20, '6.28', 'Confirmed', '2020-01-19 16:09:03'),
(580, 10, 18, '1859.37', 'Confirmed', '2020-01-19 16:09:11'),
(581, 15, 108, '25.01', 'Confirmed', '2020-01-19 16:09:18'),
(582, 29, 21, '21.28', 'Confirmed', '2020-01-19 16:09:22'),
(583, 10, 19, '693.37', 'Confirmed', '2020-01-19 16:09:28'),
(584, 15, 109, '57.52', 'Confirmed', '2020-01-19 16:09:34'),
(585, 10, 68, '837.37', 'Confirmed', '2020-01-19 16:09:40'),
(586, 15, 105, '101.01', 'Confirmed', '2020-01-19 16:09:53'),
(587, 29, 49, '489.28', 'Confirmed', '2020-01-19 16:09:56'),
(588, 10, 166, '637.37', 'Confirmed', '2020-01-19 16:10:02'),
(589, 15, 106, '21.06', 'Confirmed', '2020-01-19 16:10:06'),
(590, 29, 56, '727.28', 'Confirmed', '2020-01-19 16:10:13'),
(591, 10, 175, '1404.37', 'Confirmed', '2020-01-19 16:10:18'),
(592, 15, 107, '6.95', 'Confirmed', '2020-01-19 16:10:20'),
(594, 29, 159, '7.28', 'Confirmed', '2020-01-19 16:10:34'),
(595, 10, 147, '287.37', 'Confirmed', '2020-01-19 16:10:39'),
(596, 29, 160, '15.28', 'Confirmed', '2020-01-19 16:10:53'),
(597, 10, 148, '693.37', 'Confirmed', '2020-01-19 16:10:53'),
(599, 10, 140, '8613.37', 'Confirmed', '2020-01-19 16:11:06'),
(600, 29, 128, '18.28', 'Confirmed', '2020-01-19 16:11:13'),
(601, 15, 101, '55.89', 'Confirmed', '2020-01-19 16:11:22'),
(602, 10, 141, '183.37', 'Confirmed', '2020-01-19 16:11:40'),
(603, 10, 132, '4023.37', 'Confirmed', '2020-01-19 16:12:01'),
(606, 10, 92, '11887.37', 'Confirmed', '2020-01-19 16:12:25'),
(607, 15, 96, '120.92', 'Confirmed', '2020-01-19 16:12:33'),
(608, 15, 113, '52.64', 'Confirmed', '2020-01-19 16:13:10'),
(610, 15, 192, '56.92', 'Confirmed', '2020-01-19 16:13:46'),
(611, 15, 193, '62.95', 'Confirmed', '2020-01-19 16:14:01'),
(612, 15, 188, '21.69', 'Confirmed', '2020-01-19 16:14:14'),
(613, 15, 180, '52.59', 'Confirmed', '2020-01-19 16:14:28'),
(614, 15, 181, '10.01', 'Confirmed', '2020-01-19 16:14:42'),
(615, 15, 174, '10.09', 'Confirmed', '2020-01-19 16:14:53'),
(617, 15, 170, '65.92', 'Confirmed', '2020-01-19 16:15:09'),
(618, 29, 117, '3.28', 'Confirmed', '2020-01-19 16:15:24'),
(619, 15, 171, '25.06', 'Confirmed', '2020-01-19 16:15:30'),
(620, 15, 172, '75.29', 'Confirmed', '2020-01-19 16:15:47'),
(622, 15, 169, '15.09', 'Confirmed', '2020-01-19 16:16:01'),
(623, 10, 93, '137.37', 'Confirmed', '2020-01-19 16:16:07'),
(624, 29, 194, '6.28', 'Confirmed', '2020-01-19 16:16:09'),
(625, 15, 168, '31.09', 'Confirmed', '2020-01-19 16:16:15'),
(626, 29, 183, '14.28', 'Confirmed', '2020-01-19 16:16:28'),
(627, 10, 99, '746.37', 'Confirmed', '2020-01-19 16:16:28'),
(628, 15, 200, '302.96', 'Confirmed', '2020-01-19 16:16:32'),
(629, 10, 120, '263.37', 'Confirmed', '2020-01-19 16:16:42'),
(630, 29, 185, '8.28', 'Confirmed', '2020-01-19 16:16:44'),
(633, 29, 304, '5.28', 'Confirmed', '2020-01-19 16:17:06'),
(634, 22, 77, '56.00', 'Confirmed', '2020-01-19 16:17:19'),
(635, 15, 196, '30.09', 'Confirmed', '2020-01-19 16:17:20'),
(636, 29, 354, '51.28', 'Confirmed', '2020-01-19 16:17:28'),
(637, 6, 389, '6213.00', 'Confirmed', '2020-01-19 16:17:32'),
(638, 6, 392, '412.00', 'Confirmed', '2020-01-19 16:17:32'),
(639, 6, 390, '7636.00', 'Confirmed', '2020-01-19 16:17:32'),
(640, 6, 393, '1252.00', 'Confirmed', '2020-01-19 16:17:32'),
(641, 6, 391, '1313.00', 'Confirmed', '2020-01-19 16:17:32'),
(642, 6, 397, '157.00', 'Confirmed', '2020-01-19 16:17:32'),
(643, 6, 394, '157.00', 'Confirmed', '2020-01-19 16:17:32'),
(644, 6, 395, '13404.00', 'Confirmed', '2020-01-19 16:17:32'),
(645, 6, 396, '14304.00', 'Confirmed', '2020-01-19 16:17:32'),
(647, 22, 394, '361.00', 'Confirmed', '2020-01-19 16:17:41'),
(649, 10, 112, '7847.37', 'Confirmed', '2020-01-19 16:17:49'),
(650, 15, 190, '31.09', 'Confirmed', '2020-01-19 16:17:50'),
(651, 22, 70, '54.00', 'Confirmed', '2020-01-19 16:18:04'),
(652, 15, 206, '8.00', 'Confirmed', '2020-01-19 16:18:05'),
(653, 29, 379, '206.28', 'Confirmed', '2020-01-19 16:18:08'),
(654, 15, 281, '5.01', 'Confirmed', '2020-01-19 16:18:20'),
(656, 15, 344, '5.29', 'Confirmed', '2020-01-19 16:18:36'),
(657, 29, 308, '131.28', 'Confirmed', '2020-01-19 16:18:42'),
(658, 15, 283, '20.09', 'Confirmed', '2020-01-19 16:18:48'),
(659, 22, 57, '556.00', 'Confirmed', '2020-01-19 16:18:59'),
(660, 29, 309, '85.28', 'Confirmed', '2020-01-19 16:19:00'),
(661, 15, 286, '50.01', 'Confirmed', '2020-01-19 16:19:00'),
(662, 10, 113, '149.37', 'Confirmed', '2020-01-19 16:19:03'),
(663, 29, 319, '111.28', 'Confirmed', '2020-01-19 16:19:15'),
(664, 22, 61, '127.00', 'Confirmed', '2020-01-19 16:19:26'),
(665, 22, 16, '97.00', 'Confirmed', '2020-01-19 16:19:39'),
(666, 10, 131, '3534.37', 'Confirmed', '2020-01-19 16:19:49'),
(667, 9, 76, '1186.77', 'Confirmed', '2020-01-19 16:19:51'),
(668, 15, 300, '25.01', 'Confirmed', '2020-01-19 16:19:53'),
(669, 22, 83, '26.00', 'Confirmed', '2020-01-19 16:19:57'),
(670, 15, 301, '122.62', 'Confirmed', '2020-01-19 16:20:07'),
(671, 10, 173, '3219.37', 'Confirmed', '2020-01-19 16:20:18'),
(672, 15, 302, '151.69', 'Confirmed', '2020-01-19 16:20:21'),
(673, 22, 13, '177.00', 'Confirmed', '2020-01-19 16:20:26'),
(674, 10, 172, '307.37', 'Confirmed', '2020-01-19 16:20:31'),
(676, 15, 334, '101.89', 'Confirmed', '2020-01-19 16:20:42'),
(677, 10, 168, '687.37', 'Confirmed', '2020-01-19 16:20:49'),
(678, 22, 67, '227.00', 'Confirmed', '2020-01-19 16:20:56'),
(680, 10, 189, '1521.37', 'Confirmed', '2020-01-19 16:21:06'),
(681, 22, 167, '92.00', 'Confirmed', '2020-01-19 16:21:09'),
(683, 10, 202, '1297.37', 'Confirmed', '2020-01-19 16:21:24'),
(685, 15, 330, '15.06', 'Confirmed', '2020-01-19 16:21:34'),
(686, 10, 332, '2739.37', 'Confirmed', '2020-01-19 16:21:40'),
(687, 15, 322, '10.92', 'Confirmed', '2020-01-19 16:21:48'),
(688, 10, 333, '267.37', 'Confirmed', '2020-01-19 16:21:56'),
(689, 9, 69, '3211.77', 'Confirmed', '2020-01-19 16:22:01'),
(691, 10, 329, '624.36', 'Confirmed', '2020-01-19 16:22:17'),
(692, 15, 325, '130.01', 'Confirmed', '2020-01-19 16:22:29'),
(693, 10, 321, '603.37', 'Confirmed', '2020-01-19 16:22:34'),
(694, 15, 341, '25.16', 'Confirmed', '2020-01-19 16:22:41'),
(696, 10, 323, '3936.37', 'Confirmed', '2020-01-19 16:23:05'),
(698, 10, 339, '2573.37', 'Confirmed', '2020-01-19 16:23:20'),
(699, 9, 44, '427.77', 'Confirmed', '2020-01-19 16:23:21'),
(700, 15, 349, '8.01', 'Confirmed', '2020-01-19 16:23:27'),
(701, 22, 178, '137.00', 'Confirmed', '2020-01-19 16:23:36'),
(702, 10, 346, '4559.37', 'Confirmed', '2020-01-19 16:23:38'),
(703, 15, 376, '5.01', 'Confirmed', '2020-01-19 16:23:43'),
(704, 15, 374, '15.01', 'Confirmed', '2020-01-19 16:23:55'),
(705, 22, 147, '177.00', 'Confirmed', '2020-01-19 16:23:57'),
(706, 15, 20, '5.26', 'Confirmed', '2020-01-19 16:24:06'),
(707, 10, 71, '173.37', 'Confirmed', '2020-01-19 16:24:13'),
(708, 22, 133, '121.00', 'Confirmed', '2020-01-19 16:24:19'),
(709, 15, 21, '6.01', 'Confirmed', '2020-01-19 16:24:22'),
(710, 9, 18, '1081.77', 'Confirmed', '2020-01-19 16:24:26'),
(711, 10, 72, '142.37', 'Confirmed', '2020-01-19 16:24:32'),
(712, 15, 40, '71.09', 'Confirmed', '2020-01-19 16:24:33'),
(713, 22, 127, '121.00', 'Confirmed', '2020-01-19 16:24:34'),
(714, 15, 50, '76.09', 'Confirmed', '2020-01-19 16:24:46'),
(715, 22, 124, '157.00', 'Confirmed', '2020-01-19 16:24:53'),
(716, 15, 54, '21.09', 'Confirmed', '2020-01-19 16:25:00'),
(717, 15, 51, '20.06', 'Confirmed', '2020-01-19 16:25:12'),
(718, 22, 26, '33.00', 'Confirmed', '2020-01-19 16:25:23'),
(719, 15, 23, '57.51', 'Confirmed', '2020-01-19 16:25:31'),
(720, 9, 92, '6951.77', 'Confirmed', '2020-01-19 16:25:42'),
(721, 15, 45, '5.15', 'Confirmed', '2020-01-19 16:25:45'),
(722, 22, 114, '247.00', 'Confirmed', '2020-01-19 16:25:58'),
(723, 15, 159, '7.12', 'Confirmed', '2020-01-19 16:25:58'),
(724, 15, 160, '18.09', 'Confirmed', '2020-01-19 16:26:10'),
(725, 22, 106, '47.00', 'Confirmed', '2020-01-19 16:26:23'),
(726, 22, 96, '167.00', 'Confirmed', '2020-01-19 16:26:59'),
(727, 22, 120, '96.00', 'Confirmed', '2020-01-19 16:27:17'),
(729, 15, 161, '20.01', 'Confirmed', '2020-01-19 16:28:15'),
(730, 15, 137, '12.51', 'Confirmed', '2020-01-19 16:28:49'),
(732, 15, 138, '15.06', 'Confirmed', '2020-01-19 16:29:05'),
(734, 10, 58, '463.37', 'Confirmed', '2020-01-19 16:29:30'),
(735, 29, 387, '24.28', 'Confirmed', '2020-01-19 16:29:39'),
(736, 10, 59, '4.37', 'Confirmed', '2020-01-19 16:29:42'),
(737, 15, 128, '16.51', 'Confirmed', '2020-01-19 16:29:44'),
(738, 10, 77, '21.37', 'Confirmed', '2020-01-19 16:30:03'),
(739, 22, 113, '87.00', 'Confirmed', '2020-01-19 16:30:07'),
(740, 15, 386, '110.09', 'Confirmed', '2020-01-19 16:30:16'),
(742, 15, 117, '1.01', 'Confirmed', '2020-01-19 16:30:26'),
(744, 10, 80, '973.37', 'Confirmed', '2020-01-19 16:30:30'),
(745, 15, 118, '18.01', 'Confirmed', '2020-01-19 16:30:39'),
(746, 10, 392, '337.37', 'Confirmed', '2020-01-19 16:30:45'),
(747, 22, 192, '142.00', 'Confirmed', '2020-01-19 16:30:49'),
(748, 15, 95, '12.51', 'Confirmed', '2020-01-19 16:30:57'),
(749, 10, 393, '1043.37', 'Confirmed', '2020-01-19 16:30:59'),
(750, 22, 172, '217.00', 'Confirmed', '2020-01-19 16:31:04'),
(752, 10, 391, '1087.37', 'Confirmed', '2020-01-19 16:31:13'),
(753, 15, 194, '5.01', 'Confirmed', '2020-01-19 16:31:19'),
(754, 22, 284, '77.00', 'Confirmed', '2020-01-19 16:31:22'),
(755, 10, 397, '237.37', 'Confirmed', '2020-01-19 16:31:25'),
(756, 10, 394, '253.37', 'Confirmed', '2020-01-19 16:31:39'),
(757, 22, 293, '137.00', 'Confirmed', '2020-01-19 16:31:49'),
(758, 22, 300, '53.00', 'Confirmed', '2020-01-19 16:32:03'),
(759, 15, 182, '103.69', 'Confirmed', '2020-01-19 16:32:10'),
(760, 22, 301, '107.00', 'Confirmed', '2020-01-19 16:32:14'),
(761, 15, 184, '5.01', 'Confirmed', '2020-01-19 16:32:29'),
(762, 22, 302, '227.00', 'Confirmed', '2020-01-19 16:32:29'),
(763, 15, 185, '12.51', 'Confirmed', '2020-01-19 16:32:40'),
(764, 10, 70, '41.36', 'Confirmed', '2020-01-19 16:32:51'),
(765, 15, 280, '0.01', 'Confirmed', '2020-01-19 16:32:53'),
(766, 10, 52, '273.37', 'Confirmed', '2020-01-19 16:33:03'),
(767, 22, 345, '227.00', 'Confirmed', '2020-01-19 16:33:04'),
(768, 15, 282, '12.51', 'Confirmed', '2020-01-19 16:33:06'),
(771, 15, 303, '15.01', 'Confirmed', '2020-01-19 16:33:43'),
(772, 10, 48, '37.37', 'Confirmed', '2020-01-19 16:33:49'),
(773, 15, 304, '1.01', 'Confirmed', '2020-01-19 16:33:54'),
(774, 15, 336, '10.01', 'Confirmed', '2020-01-19 16:34:09'),
(775, 15, 350, '15.01', 'Confirmed', '2020-01-19 16:34:23'),
(777, 15, 353, '75.69', 'Confirmed', '2020-01-19 16:34:54'),
(778, 15, 354, '25.01', 'Confirmed', '2020-01-19 16:35:30'),
(780, 15, 378, '25.01', 'Confirmed', '2020-01-19 16:36:14'),
(781, 12, 72, '65.00', 'Confirmed', '2020-01-19 16:36:25'),
(782, 15, 75, '4.60', 'Confirmed', '2020-01-19 16:36:32'),
(784, 15, 60, '65.89', 'Confirmed', '2020-01-19 16:36:43'),
(785, 15, 79, '121.86', 'Confirmed', '2020-01-19 16:37:00'),
(787, 15, 42, '403.88', 'Confirmed', '2020-01-19 16:37:56'),
(789, 15, 150, '25.26', 'Confirmed', '2020-01-19 16:38:37'),
(790, 10, 57, '483.37', 'Confirmed', '2020-01-19 16:38:44'),
(791, 12, 393, '877.00', 'Confirmed', '2020-01-19 16:38:51'),
(792, 15, 151, '16.29', 'Confirmed', '2020-01-19 16:38:51'),
(793, 10, 65, '463.37', 'Confirmed', '2020-01-19 16:38:57'),
(794, 15, 153, '8.29', 'Confirmed', '2020-01-19 16:39:16'),
(795, 10, 149, '41.37', 'Confirmed', '2020-01-19 16:39:17'),
(796, 12, 70, '24.00', 'Confirmed', '2020-01-19 16:39:24'),
(797, 12, 52, '528.00', 'Confirmed', '2020-01-19 16:39:44'),
(798, 10, 61, '127.37', 'Confirmed', '2020-01-19 16:39:45'),
(799, 15, 156, '121.62', 'Confirmed', '2020-01-19 16:39:59'),
(801, 10, 43, '10.37', 'Confirmed', '2020-01-19 16:40:05'),
(802, 10, 164, '241.37', 'Confirmed', '2020-01-19 16:40:23'),
(803, 12, 48, '6.00', 'Confirmed', '2020-01-19 16:40:31'),
(804, 22, 40, '257.00', 'Confirmed', '2020-01-19 16:40:34'),
(805, 10, 16, '137.37', 'Confirmed', '2020-01-19 16:40:35'),
(806, 15, 370, '242.69', 'Confirmed', '2020-01-19 16:40:38'),
(807, 10, 83, '16.37', 'Confirmed', '2020-01-19 16:40:44'),
(808, 22, 54, '97.00', 'Confirmed', '2020-01-19 16:40:47'),
(809, 15, 163, '50.01', 'Confirmed', '2020-01-19 16:40:50'),
(810, 10, 81, '1463.37', 'Confirmed', '2020-01-19 16:40:56'),
(811, 22, 49, '347.00', 'Confirmed', '2020-01-19 16:41:01'),
(813, 10, 13, '271.37', 'Confirmed', '2020-01-19 16:41:14'),
(814, 22, 56, '497.00', 'Confirmed', '2020-01-19 16:41:18'),
(816, 12, 66, '22.00', 'Confirmed', '2020-01-19 16:41:41'),
(817, 10, 15, '137.43', 'Confirmed', '2020-01-19 16:41:41'),
(819, 22, 40, '127.00', 'Confirmed', '2020-01-19 16:41:45'),
(820, 10, 17, '127.37', 'Confirmed', '2020-01-19 16:41:53'),
(821, 15, 85, '36.29', 'Confirmed', '2020-01-19 16:42:01'),
(822, 10, 165, '723.37', 'Confirmed', '2020-01-19 16:42:09'),
(823, 15, 86, '6.02', 'Confirmed', '2020-01-19 16:42:11'),
(824, 10, 167, '53.37', 'Confirmed', '2020-01-19 16:42:20'),
(825, 15, 87, '3.04', 'Confirmed', '2020-01-19 16:42:25'),
(827, 15, 88, '25.38', 'Confirmed', '2020-01-19 16:42:40'),
(829, 15, 143, '67.81', 'Confirmed', '2020-01-19 16:42:52'),
(830, 12, 64, '32.00', 'Confirmed', '2020-01-19 16:42:54'),
(831, 22, 42, '651.00', 'Confirmed', '2020-01-19 16:43:02'),
(832, 15, 129, '22.35', 'Confirmed', '2020-01-19 16:43:03'),
(833, 22, 55, '19.00', 'Confirmed', '2020-01-19 16:43:16'),
(834, 15, 191, '276.69', 'Confirmed', '2020-01-19 16:43:28'),
(835, 12, 63, '36.00', 'Confirmed', '2020-01-19 16:43:32'),
(836, 10, 178, '137.37', 'Confirmed', '2020-01-19 16:43:33'),
(837, 22, 156, '202.00', 'Confirmed', '2020-01-19 16:43:42'),
(838, 10, 179, '307.37', 'Confirmed', '2020-01-19 16:43:53'),
(839, 15, 119, '200.06', 'Confirmed', '2020-01-19 16:43:57'),
(840, 22, 370, '222.00', 'Confirmed', '2020-01-19 16:44:04'),
(841, 10, 157, '43.37', 'Confirmed', '2020-01-19 16:44:05'),
(842, 15, 115, '0.51', 'Confirmed', '2020-01-19 16:44:06'),
(843, 12, 111, '392.00', 'Confirmed', '2020-01-19 16:44:15'),
(844, 15, 98, '5.21', 'Confirmed', '2020-01-19 16:44:17'),
(845, 10, 158, '187.37', 'Confirmed', '2020-01-19 16:44:18'),
(846, 22, 163, '167.00', 'Confirmed', '2020-01-19 16:44:25'),
(847, 15, 203, '5.51', 'Confirmed', '2020-01-19 16:44:29'),
(848, 10, 139, '43.37', 'Confirmed', '2020-01-19 16:44:29'),
(849, 12, 122, '990.00', 'Confirmed', '2020-01-19 16:44:33'),
(850, 10, 142, '93.37', 'Confirmed', '2020-01-19 16:44:39'),
(851, 10, 135, '63.37', 'Confirmed', '2020-01-19 16:44:49'),
(852, 12, 94, '149.00', 'Confirmed', '2020-01-19 16:44:56'),
(853, 10, 136, '61.37', 'Confirmed', '2020-01-19 16:44:59'),
(854, 15, 335, '102.69', 'Confirmed', '2020-01-19 16:45:03'),
(855, 10, 133, '81.37', 'Confirmed', '2020-01-19 16:45:10'),
(856, 10, 126, '797.37', 'Confirmed', '2020-01-19 16:45:21'),
(858, 10, 127, '71.37', 'Confirmed', '2020-01-19 16:45:35'),
(859, 12, 101, '67.00', 'Confirmed', '2020-01-19 16:45:45'),
(860, 15, 308, '251.96', 'Confirmed', '2020-01-19 16:45:46'),
(861, 10, 124, '147.37', 'Confirmed', '2020-01-19 16:45:47'),
(863, 10, 27, '97.37', 'Confirmed', '2020-01-19 16:46:02'),
(864, 15, 309, '90.01', 'Confirmed', '2020-01-19 16:46:05'),
(865, 22, 84, '117.00', 'Confirmed', '2020-01-19 16:46:10'),
(866, 10, 110, '89.37', 'Confirmed', '2020-01-19 16:46:15'),
(867, 15, 319, '103.92', 'Confirmed', '2020-01-19 16:46:22'),
(868, 22, 85, '47.00', 'Confirmed', '2020-01-19 16:46:24'),
(869, 10, 109, '43.37', 'Confirmed', '2020-01-19 16:46:36'),
(870, 22, 86, '9.00', 'Confirmed', '2020-01-19 16:46:42'),
(871, 10, 111, '437.37', 'Confirmed', '2020-01-19 16:46:47'),
(872, 15, 326, '226.87', 'Confirmed', '2020-01-19 16:46:58'),
(873, 22, 88, '27.00', 'Confirmed', '2020-01-19 16:46:58'),
(874, 10, 121, '247.37', 'Confirmed', '2020-01-19 16:46:59'),
(875, 10, 123, '371.37', 'Confirmed', '2020-01-19 16:47:11'),
(876, 10, 114, '153.37', 'Confirmed', '2020-01-19 16:47:22'),
(877, 15, 327, '152.67', 'Confirmed', '2020-01-19 16:47:25'),
(878, 22, 143, '33.00', 'Confirmed', '2020-01-19 16:47:26'),
(880, 10, 94, '143.37', 'Confirmed', '2020-01-19 16:47:32'),
(881, 12, 180, '38.00', 'Confirmed', '2020-01-19 16:47:41'),
(882, 10, 105, '433.37', 'Confirmed', '2020-01-19 16:47:43'),
(883, 15, 328, '138.76', 'Confirmed', '2020-01-19 16:47:49'),
(884, 12, 200, '142.00', 'Confirmed', '2020-01-19 16:47:52'),
(885, 22, 129, '37.00', 'Confirmed', '2020-01-19 16:47:53'),
(886, 10, 106, '37.37', 'Confirmed', '2020-01-19 16:47:58'),
(887, 12, 201, '216.00', 'Confirmed', '2020-01-19 16:48:05'),
(889, 22, 119, '167.00', 'Confirmed', '2020-01-19 16:48:10'),
(890, 10, 96, '157.37', 'Confirmed', '2020-01-19 16:48:15'),
(891, 10, 97, '123.37', 'Confirmed', '2020-01-19 16:48:26'),
(893, 12, 205, '561.00', 'Confirmed', '2020-01-19 16:48:30'),
(894, 22, 203, '271.00', 'Confirmed', '2020-01-19 16:48:31'),
(897, 22, 326, '204.00', 'Confirmed', '2020-01-19 16:48:55'),
(899, 12, 283, '455.00', 'Confirmed', '2020-01-19 16:49:05'),
(900, 22, 327, '133.00', 'Confirmed', '2020-01-19 16:49:13'),
(903, 12, 285, '457.00', 'Confirmed', '2020-01-19 16:49:29'),
(904, 12, 286, '35.00', 'Confirmed', '2020-01-19 16:49:49'),
(906, 12, 290, '484.00', 'Confirmed', '2020-01-19 16:50:04'),
(908, 10, 134, '243.37', 'Confirmed', '2020-01-19 16:50:30'),
(909, 12, 295, '216.00', 'Confirmed', '2020-01-19 16:50:39'),
(910, 10, 130, '123.37', 'Confirmed', '2020-01-19 16:50:40'),
(911, 22, 328, '127.00', 'Confirmed', '2020-01-19 16:50:44'),
(913, 10, 192, '81.37', 'Confirmed', '2020-01-19 16:50:53'),
(914, 10, 193, '123.37', 'Confirmed', '2020-01-19 16:51:04'),
(916, 10, 186, '583.37', 'Confirmed', '2020-01-19 16:51:22'),
(917, 12, 385, '278.00', 'Confirmed', '2020-01-19 16:51:22'),
(919, 10, 180, '343.37', 'Confirmed', '2020-01-19 16:51:43'),
(920, 12, 334, '316.00', 'Confirmed', '2020-01-19 16:51:50'),
(921, 10, 181, '33.37', 'Confirmed', '2020-01-19 16:51:57'),
(923, 10, 174, '12.37', 'Confirmed', '2020-01-19 16:52:10'),
(925, 10, 171, '31.37', 'Confirmed', '2020-01-19 16:52:28'),
(926, 10, 169, '21.37', 'Confirmed', '2020-01-19 16:52:37'),
(927, 10, 200, '181.37', 'Confirmed', '2020-01-19 16:52:48'),
(930, 10, 195, '1237.37', 'Confirmed', '2020-01-19 16:53:08'),
(935, 10, 201, '247.37', 'Confirmed', '2020-01-19 16:53:30'),
(936, 10, 196, '253.37', 'Confirmed', '2020-01-19 16:53:41'),
(937, 12, 310, '1335.00', 'Confirmed', '2020-01-19 16:53:42'),
(938, 10, 190, '327.37', 'Confirmed', '2020-01-19 16:53:52'),
(939, 12, 331, '806.00', 'Confirmed', '2020-01-19 16:54:07'),
(940, 10, 205, '1153.37', 'Confirmed', '2020-01-19 16:54:12'),
(942, 10, 204, '2343.37', 'Confirmed', '2020-01-19 16:54:30'),
(943, 10, 279, '683.37', 'Confirmed', '2020-01-19 16:54:42'),
(944, 12, 347, '50.00', 'Confirmed', '2020-01-19 16:54:48'),
(945, 10, 277, '537.37', 'Confirmed', '2020-01-19 16:54:56'),
(947, 12, 42, '450.00', 'Confirmed', '2020-01-19 16:55:15'),
(949, 10, 344, '8.37', 'Confirmed', '2020-01-19 16:55:34'),
(950, 12, 370, '125.00', 'Confirmed', '2020-01-19 16:55:42'),
(951, 12, 156, '60.00', 'Confirmed', '2020-01-19 16:55:54'),
(952, 40, 221, '21.00', 'Confirmed', '2020-01-19 16:55:59'),
(953, 10, 284, '110.37', 'Confirmed', '2020-01-19 16:56:46'),
(954, 10, 285, '293.37', 'Confirmed', '2020-01-19 16:56:59'),
(955, 10, 286, '71.37', 'Confirmed', '2020-01-19 16:57:12'),
(956, 40, 223, '18.05', 'Confirmed', '2020-01-19 16:57:23'),
(957, 10, 290, '583.37', 'Confirmed', '2020-01-19 16:57:26'),
(958, 40, 246, '16.05', 'Confirmed', '2020-01-19 16:57:55'),
(959, 10, 292, '563.37', 'Confirmed', '2020-01-19 16:58:07'),
(960, 40, 248, '37.05', 'Confirmed', '2020-01-19 16:58:23'),
(961, 10, 293, '222.37', 'Confirmed', '2020-01-19 16:58:40'),
(962, 40, 235, '4.55', 'Confirmed', '2020-01-19 16:59:22'),
(963, 40, 244, '32.05', 'Confirmed', '2020-01-19 16:59:58'),
(964, 10, 294, '243.37', 'Confirmed', '2020-01-19 17:00:12'),
(965, 10, 295, '237.37', 'Confirmed', '2020-01-19 17:00:27'),
(969, 10, 300, '22.37', 'Confirmed', '2020-01-19 17:02:02'),
(970, 10, 302, '152.37', 'Confirmed', '2020-01-19 17:02:20'),
(971, 10, 305, '697.37', 'Confirmed', '2020-01-19 17:02:35'),
(972, 10, 334, '347.37', 'Confirmed', '2020-01-19 17:02:49'),
(973, 10, 311, '287.37', 'Confirmed', '2020-01-19 17:03:36'),
(975, 10, 312, '287.37', 'Confirmed', '2020-01-19 17:04:34'),
(981, 10, 310, '1827.37', 'Confirmed', '2020-01-19 17:05:42'),
(982, 10, 331, '677.37', 'Confirmed', '2020-01-19 17:05:55'),
(983, 40, 326, '221.00', 'Confirmed', '2020-01-19 17:06:08'),
(984, 10, 320, '871.37', 'Confirmed', '2020-01-19 17:06:12'),
(985, 10, 322, '8.37', 'Confirmed', '2020-01-19 17:06:23'),
(986, 10, 324, '117.37', 'Confirmed', '2020-01-19 17:06:41'),
(987, 10, 337, '343.37', 'Confirmed', '2020-01-19 17:06:54'),
(988, 10, 338, '365.37', 'Confirmed', '2020-01-19 17:07:14'),
(989, 10, 347, '141.37', 'Confirmed', '2020-01-19 17:07:25'),
(990, 12, 392, '242.00', 'Confirmed', '2020-01-19 17:08:24'),
(991, 10, 348, '181.37', 'Confirmed', '2020-01-19 17:08:29'),
(992, 10, 345, '267.37', 'Confirmed', '2020-01-19 17:08:38'),
(993, 10, 349, '91.37', 'Confirmed', '2020-01-19 17:08:55'),
(994, 10, 371, '171.37', 'Confirmed', '2020-01-19 17:09:10'),
(995, 10, 377, '347.37', 'Confirmed', '2020-01-19 17:09:28'),
(996, 10, 373, '127.37', 'Confirmed', '2020-01-19 17:09:39'),
(997, 40, 327, '111.50', 'Confirmed', '2020-01-19 17:09:57'),
(998, 10, 84, '143.37', 'Confirmed', '2020-01-19 17:11:21'),
(999, 10, 85, '39.37', 'Confirmed', '2020-01-19 17:11:59'),
(1000, 10, 86, '14.37', 'Confirmed', '2020-01-19 17:12:23'),
(1001, 10, 87, '5.37', 'Confirmed', '2020-01-19 17:12:32'),
(1002, 10, 251, '8.37', 'Confirmed', '2020-01-19 17:13:08'),
(1003, 10, 244, '17.37', 'Confirmed', '2020-01-19 17:13:33'),
(1004, 40, 152, '11.53', 'Confirmed', '2020-01-19 17:13:58'),
(1005, 10, 238, '18.37', 'Confirmed', '2020-01-19 17:13:59'),
(1006, 10, 236, '9.37', 'Confirmed', '2020-01-19 17:14:20'),
(1007, 10, 232, '5.37', 'Confirmed', '2020-01-19 17:14:32'),
(1008, 10, 229, '12.37', 'Confirmed', '2020-01-19 17:14:54'),
(1009, 10, 228, '10.37', 'Confirmed', '2020-01-19 17:15:15'),
(1010, 40, 151, '11.53', 'Confirmed', '2020-01-19 17:15:31'),
(1011, 10, 248, '16.37', 'Confirmed', '2020-01-19 17:15:37'),
(1012, 10, 223, '54.37', 'Confirmed', '2020-01-19 17:15:54'),
(1013, 12, 348, '204.00', 'Confirmed', '2020-01-19 17:16:22'),
(1014, 10, 246, '6.37', 'Confirmed', '2020-01-19 17:16:25'),
(1015, 15, 284, '20.09', 'Confirmed', '2020-01-19 17:16:32'),
(1016, 10, 247, '4.37', 'Confirmed', '2020-01-19 17:16:38'),
(1017, 10, 326, '173.37', 'Confirmed', '2020-01-19 17:17:50'),
(1018, 10, 327, '91.37', 'Confirmed', '2020-01-19 17:18:13'),
(1019, 10, 191, '443.37', 'Confirmed', '2020-01-19 17:18:50'),
(1020, 10, 182, '103.37', 'Confirmed', '2020-01-19 17:19:15'),
(1021, 17, 71, '391.95', 'Confirmed', '2020-01-19 17:23:11'),
(1022, 17, 72, '121.20', 'Confirmed', '2020-01-19 17:23:37'),
(1023, 17, 73, '8420.25', 'Confirmed', '2020-01-19 17:23:55'),
(1025, 12, 119, '176.00', 'Confirmed', '2020-01-19 17:24:14'),
(1027, 17, 74, '55.00', 'Confirmed', '2020-01-19 17:24:23'),
(1028, 17, 39, '2000.00', 'Confirmed', '2020-01-19 17:24:34'),
(1029, 17, 58, '452.27', 'Confirmed', '2020-01-19 17:24:47'),
(1030, 17, 76, '820.54', 'Confirmed', '2020-01-19 17:25:00'),
(1031, 17, 77, '28.00', 'Confirmed', '2020-01-19 17:25:17'),
(1032, 12, 85, '32.00', 'Confirmed', '2020-01-19 17:25:32'),
(1033, 17, 80, '1229.00', 'Confirmed', '2020-01-19 17:25:34'),
(1034, 17, 69, '3256.00', 'Confirmed', '2020-01-19 17:25:47'),
(1035, 17, 70, '30.30', 'Confirmed', '2020-01-19 17:25:56'),
(1036, 17, 29, '2132.20', 'Confirmed', '2020-01-19 17:26:08'),
(1038, 17, 46, '6603.64', 'Confirmed', '2020-01-19 17:26:36');
INSERT INTO `bid` (`id`, `buyer_id`, `seller_item_id`, `bid_amount`, `bid_status`, `date_created`) VALUES
(1039, 17, 48, '90.01', 'Confirmed', '2020-01-19 17:26:53'),
(1040, 17, 57, '776.25', 'Confirmed', '2020-01-19 17:27:05'),
(1041, 17, 65, '510.12', 'Confirmed', '2020-01-19 17:27:15'),
(1042, 17, 149, '47.35', 'Confirmed', '2020-01-19 17:27:29'),
(1043, 17, 61, '104.06', 'Confirmed', '2020-01-19 17:27:43'),
(1044, 17, 43, '9.00', 'Confirmed', '2020-01-19 17:27:53'),
(1045, 17, 44, '342.06', 'Confirmed', '2020-01-19 17:28:03'),
(1046, 17, 164, '306.18', 'Confirmed', '2020-01-19 17:28:20'),
(1047, 17, 162, '192.60', 'Confirmed', '2020-01-19 17:28:32'),
(1048, 17, 16, '71.50', 'Confirmed', '2020-01-19 17:28:48'),
(1049, 17, 83, '20.20', 'Confirmed', '2020-01-19 17:29:01'),
(1050, 17, 81, '1759.59', 'Confirmed', '2020-01-19 17:29:17'),
(1051, 17, 82, '1629.25', 'Confirmed', '2020-01-19 17:29:32'),
(1052, 17, 14, '9.01', 'Confirmed', '2020-01-19 17:29:40'),
(1053, 17, 13, '128.55', 'Confirmed', '2020-01-19 17:29:49'),
(1054, 17, 11, '2337.30', 'Confirmed', '2020-01-19 17:30:03'),
(1056, 17, 67, '117.30', 'Confirmed', '2020-01-19 17:30:35'),
(1057, 17, 15, '59.60', 'Confirmed', '2020-01-19 17:30:47'),
(1058, 17, 17, '222.00', 'Confirmed', '2020-01-19 17:31:14'),
(1059, 17, 18, '959.66', 'Confirmed', '2020-01-19 17:31:30'),
(1060, 17, 19, '743.67', 'Confirmed', '2020-01-19 17:31:41'),
(1061, 17, 68, '752.00', 'Confirmed', '2020-01-19 17:31:52'),
(1062, 17, 165, '813.60', 'Confirmed', '2020-01-19 17:32:06'),
(1063, 17, 167, '50.50', 'Confirmed', '2020-01-19 17:32:19'),
(1064, 17, 166, '360.75', 'Confirmed', '2020-01-19 17:32:28'),
(1065, 17, 175, '809.40', 'Confirmed', '2020-01-19 17:32:42'),
(1068, 17, 178, '105.16', 'Confirmed', '2020-01-19 17:33:15'),
(1069, 17, 179, '210.75', 'Confirmed', '2020-01-19 17:33:25'),
(1070, 17, 157, '84.30', 'Confirmed', '2020-01-19 17:33:36'),
(1071, 17, 158, '126.45', 'Confirmed', '2020-01-19 17:33:53'),
(1072, 17, 147, '131.02', 'Confirmed', '2020-01-19 17:34:06'),
(1073, 17, 148, '550.00', 'Confirmed', '2020-01-19 17:34:19'),
(1074, 17, 139, '60.60', 'Confirmed', '2020-01-19 17:34:27'),
(1075, 17, 140, '5750.00', 'Confirmed', '2020-01-19 17:34:41'),
(1076, 17, 141, '70.00', 'Confirmed', '2020-01-19 17:34:52'),
(1077, 17, 142, '190.01', 'Confirmed', '2020-01-19 17:35:06'),
(1078, 17, 135, '70.70', 'Confirmed', '2020-01-19 17:35:14'),
(1079, 17, 136, '85.50', 'Confirmed', '2020-01-19 17:35:24'),
(1080, 17, 132, '3302.40', 'Confirmed', '2020-01-19 17:35:36'),
(1081, 17, 133, '90.90', 'Confirmed', '2020-01-19 17:35:47'),
(1082, 17, 126, '656.00', 'Confirmed', '2020-01-19 17:35:57'),
(1083, 17, 127, '101.00', 'Confirmed', '2020-01-19 17:36:07'),
(1084, 17, 124, '95.00', 'Confirmed', '2020-01-19 17:36:19'),
(1085, 17, 26, '40.40', 'Confirmed', '2020-01-19 17:36:40'),
(1086, 17, 27, '280.00', 'Confirmed', '2020-01-19 17:36:50'),
(1087, 17, 116, '18.00', 'Confirmed', '2020-01-19 17:37:00'),
(1088, 17, 108, '40.40', 'Confirmed', '2020-01-19 17:37:09'),
(1089, 17, 110, '82.00', 'Confirmed', '2020-01-19 17:37:17'),
(1090, 17, 109, '90.01', 'Confirmed', '2020-01-19 17:37:26'),
(1091, 17, 121, '275.00', 'Confirmed', '2020-01-19 17:37:35'),
(1092, 17, 123, '385.00', 'Confirmed', '2020-01-19 17:37:49'),
(1093, 17, 114, '135.03', 'Confirmed', '2020-01-19 17:37:59'),
(1094, 17, 92, '6175.06', 'Confirmed', '2020-01-19 17:38:10'),
(1095, 17, 93, '43.00', 'Confirmed', '2020-01-19 17:38:19'),
(1096, 17, 105, '432.00', 'Confirmed', '2020-01-19 17:38:31'),
(1097, 17, 106, '40.40', 'Confirmed', '2020-01-19 17:38:38'),
(1098, 17, 107, '20.11', 'Confirmed', '2020-01-19 17:38:56'),
(1099, 17, 99, '340.00', 'Confirmed', '2020-01-19 17:39:07'),
(1100, 17, 96, '151.50', 'Confirmed', '2020-01-19 17:39:22'),
(1101, 17, 97, '74.00', 'Confirmed', '2020-01-19 17:39:31'),
(1102, 17, 120, '125.00', 'Confirmed', '2020-01-19 17:39:51'),
(1103, 17, 112, '4784.90', 'Confirmed', '2020-01-19 17:40:01'),
(1104, 17, 113, '60.15', 'Confirmed', '2020-01-19 17:40:10'),
(1108, 17, 134, '212.50', 'Confirmed', '2020-01-19 17:40:58'),
(1109, 17, 131, '2850.00', 'Confirmed', '2020-01-19 17:41:06'),
(1110, 17, 130, '168.00', 'Confirmed', '2020-01-19 17:41:16'),
(1111, 17, 192, '101.00', 'Confirmed', '2020-01-19 17:41:21'),
(1112, 17, 193, '280.00', 'Confirmed', '2020-01-19 17:41:34'),
(1113, 17, 186, '490.00', 'Confirmed', '2020-01-19 17:41:43'),
(1114, 17, 187, '2418.75', 'Confirmed', '2020-01-19 17:41:53'),
(1115, 17, 188, '116.00', 'Confirmed', '2020-01-19 17:42:00'),
(1116, 17, 181, '80.20', 'Confirmed', '2020-01-19 17:42:08'),
(1117, 17, 174, '20.20', 'Confirmed', '2020-01-19 17:42:15'),
(1118, 17, 173, '2229.25', 'Confirmed', '2020-01-19 17:42:24'),
(1119, 17, 171, '30.30', 'Confirmed', '2020-01-19 17:42:35'),
(1120, 17, 172, '171.00', 'Confirmed', '2020-01-19 17:42:44'),
(1121, 17, 169, '20.20', 'Confirmed', '2020-01-19 17:42:53'),
(1122, 17, 168, '345.00', 'Confirmed', '2020-01-19 17:43:03'),
(1123, 17, 200, '625.00', 'Confirmed', '2020-01-19 17:43:14'),
(1124, 17, 195, '1244.00', 'Confirmed', '2020-01-19 17:43:22'),
(1126, 17, 201, '700.00', 'Confirmed', '2020-01-19 17:43:40'),
(1127, 17, 196, '200.00', 'Confirmed', '2020-01-19 17:43:46'),
(1128, 17, 189, '794.95', 'Confirmed', '2020-01-19 17:43:56'),
(1129, 17, 190, '210.00', 'Confirmed', '2020-01-19 17:44:04'),
(1130, 17, 202, '1155.00', 'Confirmed', '2020-01-19 17:44:29'),
(1131, 17, 204, '1878.63', 'Confirmed', '2020-01-19 17:44:47'),
(1132, 17, 279, '485.10', 'Confirmed', '2020-01-19 17:45:00'),
(1133, 17, 281, '10.10', 'Confirmed', '2020-01-19 17:45:09'),
(1134, 17, 277, '441.00', 'Confirmed', '2020-01-19 17:45:37'),
(1136, 17, 287, '464.80', 'Confirmed', '2020-01-19 17:46:07'),
(1137, 17, 344, '5.00', 'Confirmed', '2020-01-19 17:46:15'),
(1138, 17, 284, '66.20', 'Confirmed', '2020-01-19 17:46:23'),
(1139, 17, 292, '364.70', 'Confirmed', '2020-01-19 17:46:35'),
(1140, 17, 293, '110.20', 'Confirmed', '2020-01-19 17:46:45'),
(1141, 17, 294, '336.80', 'Confirmed', '2020-01-19 17:47:00'),
(1142, 17, 295, '800.00', 'Confirmed', '2020-01-19 17:47:09'),
(1143, 17, 300, '75.00', 'Confirmed', '2020-01-19 17:47:16'),
(1144, 17, 302, '280.00', 'Confirmed', '2020-01-19 17:47:35'),
(1145, 17, 305, '728.25', 'Confirmed', '2020-01-19 17:47:44'),
(1146, 17, 332, '2050.95', 'Confirmed', '2020-01-19 17:47:54'),
(1147, 17, 333, '190.01', 'Confirmed', '2020-01-19 17:48:01'),
(1148, 17, 329, '478.40', 'Confirmed', '2020-01-19 17:48:12'),
(1149, 17, 330, '20.20', 'Confirmed', '2020-01-19 17:48:21'),
(1150, 17, 320, '1179.00', 'Confirmed', '2020-01-19 17:48:32'),
(1151, 17, 321, '458.50', 'Confirmed', '2020-01-19 17:48:43'),
(1152, 17, 322, '10.10', 'Confirmed', '2020-01-19 17:48:51'),
(1153, 17, 323, '2553.60', 'Confirmed', '2020-01-19 17:49:01'),
(1154, 17, 324, '270.00', 'Confirmed', '2020-01-19 17:49:10'),
(1155, 17, 375, '1086.00', 'Confirmed', '2020-01-19 17:49:19'),
(1156, 17, 341, '96.00', 'Confirmed', '2020-01-19 17:49:29'),
(1157, 17, 342, '1158.40', 'Confirmed', '2020-01-19 17:49:39'),
(1158, 17, 337, '419.40', 'Confirmed', '2020-01-19 17:49:50'),
(1159, 17, 339, '1711.20', 'Confirmed', '2020-01-19 17:50:00'),
(1160, 17, 338, '294.72', 'Confirmed', '2020-01-19 17:50:10'),
(1161, 17, 346, '3957.40', 'Confirmed', '2020-01-19 17:50:21'),
(1162, 17, 347, '400.00', 'Confirmed', '2020-01-19 17:50:31'),
(1163, 17, 348, '400.00', 'Confirmed', '2020-01-19 17:50:37'),
(1164, 17, 345, '147.75', 'Confirmed', '2020-01-19 17:50:47'),
(1165, 17, 349, '58.00', 'Confirmed', '2020-01-19 17:50:54'),
(1166, 17, 371, '111.60', 'Confirmed', '2020-01-19 17:51:02'),
(1167, 17, 377, '213.95', 'Confirmed', '2020-01-19 17:51:09'),
(1168, 17, 373, '140.37', 'Confirmed', '2020-01-19 17:51:18'),
(1169, 17, 374, '20.20', 'Confirmed', '2020-01-19 17:51:26'),
(1170, 17, 21, '16.86', 'Confirmed', '2020-01-19 17:51:39'),
(1171, 17, 49, '356.87', 'Confirmed', '2020-01-19 17:51:53'),
(1172, 17, 56, '549.00', 'Confirmed', '2020-01-19 17:52:01'),
(1173, 17, 387, '19.67', 'Confirmed', '2020-01-19 17:52:09'),
(1174, 17, 159, '5.62', 'Confirmed', '2020-01-19 17:52:20'),
(1175, 17, 160, '9.00', 'Confirmed', '2020-01-19 17:52:29'),
(1176, 17, 128, '9.00', 'Confirmed', '2020-01-19 17:52:37'),
(1177, 17, 117, '2.81', 'Confirmed', '2020-01-19 17:52:47'),
(1179, 17, 183, '8.43', 'Confirmed', '2020-01-19 17:53:10'),
(1180, 17, 185, '4.00', 'Confirmed', '2020-01-19 17:53:18'),
(1181, 17, 304, '5.62', 'Confirmed', '2020-01-19 17:53:27'),
(1182, 17, 379, '168.60', 'Confirmed', '2020-01-19 17:53:38'),
(1183, 17, 389, '4668.60', 'Confirmed', '2020-01-19 17:56:46'),
(1184, 17, 390, '8008.20', 'Confirmed', '2020-01-19 17:57:05'),
(1185, 17, 391, '2400.00', 'Confirmed', '2020-01-19 17:57:22'),
(1186, 17, 397, '598.00', 'Confirmed', '2020-01-19 17:57:32'),
(1187, 17, 395, '11042.40', 'Confirmed', '2020-01-19 17:57:47'),
(1188, 17, 396, '10913.40', 'Confirmed', '2020-01-19 17:58:05'),
(1189, 41, 40, '353.50', 'Confirmed', '2020-01-19 17:58:32'),
(1190, 41, 54, '121.50', 'Confirmed', '2020-01-19 17:59:20'),
(1191, 41, 161, '91.00', 'Confirmed', '2020-01-19 17:59:41'),
(1192, 41, 336, '45.50', 'Confirmed', '2020-01-19 18:00:02'),
(1193, 41, 95, '45.50', 'Confirmed', '2020-01-19 18:00:21'),
(1194, 41, 350, '136.50', 'Confirmed', '2020-01-19 18:00:40'),
(1195, 12, 104, '108.00', 'Unconfirmed', '2020-01-19 18:10:17'),
(1196, 24, 119, '240.00', 'Confirmed', '2020-01-19 18:54:47'),
(1197, 6, 102, '266.00', 'Confirmed', '2020-01-19 21:22:06'),
(1198, 10, 299, '97.37', 'Confirmed', '2020-01-19 21:53:09'),
(1199, 6, 47, '333.00', 'Confirmed', '2020-01-19 21:55:33'),
(1200, 6, 224, '30.00', 'Confirmed', '2020-01-19 22:46:36'),
(1201, 6, 398, '1407.00', 'Confirmed', '2020-01-19 22:56:07');

-- --------------------------------------------------------

--
-- Table structure for table `buyer`
--

CREATE TABLE `buyer` (
  `id` int(11) NOT NULL,
  `first_name` varchar(255) COLLATE utf8_unicode_ci NOT NULL,
  `last_name` varchar(255) COLLATE utf8_unicode_ci NOT NULL,
  `company_name` varchar(255) COLLATE utf8_unicode_ci DEFAULT NULL,
  `address_1` varchar(255) COLLATE utf8_unicode_ci DEFAULT NULL,
  `address_2` varchar(255) COLLATE utf8_unicode_ci DEFAULT NULL,
  `city` varchar(255) COLLATE utf8_unicode_ci DEFAULT NULL,
  `state` varchar(255) COLLATE utf8_unicode_ci DEFAULT NULL,
  `zip` varchar(255) COLLATE utf8_unicode_ci DEFAULT NULL,
  `phone` varchar(255) COLLATE utf8_unicode_ci DEFAULT NULL,
  `email` varchar(255) COLLATE utf8_unicode_ci DEFAULT NULL,
  `commission` decimal(12,2) NOT NULL,
  `fur_buyer_license_num` varchar(255) COLLATE utf8_unicode_ci NOT NULL,
  `date_last_logged_in` timestamp NULL DEFAULT NULL,
  `date_created` datetime NOT NULL DEFAULT CURRENT_TIMESTAMP
) ENGINE=InnoDB DEFAULT CHARSET=utf8 COLLATE=utf8_unicode_ci;

--
-- Dumping data for table `buyer`
--

INSERT INTO `buyer` (`id`, `first_name`, `last_name`, `company_name`, `address_1`, `address_2`, `city`, `state`, `zip`, `phone`, `email`, `commission`, `fur_buyer_license_num`, `date_last_logged_in`, `date_created`) VALUES
(6, 'Goerge', 'Kortum', 'Western Montana', '125 W Comemercial St', '', 'Anaconda', 'MT', '59711', '4062602643', '', '2.00', '', NULL, '2020-01-18 02:04:36'),
(9, 'Larry', 'Dilulu', 'Thunder Mountain', '12610 Paradise Valley Rd', '', 'Chinook', 'MT', '59523', '', '', '2.00', '706-20-000006', NULL, '2020-01-18 15:56:11'),
(10, 'Ryan', 'Custis', 'American Hide and Fur', '69773 Old Experiment Rd', '', 'Burns', '', '97720', '', 'info@americanhidefur.com', '2.00', '706-20-000008', NULL, '2020-01-18 15:57:46'),
(11, 'Randy ', 'Pollard', 'RP Horn Buyer', '', '', '', '', '', '', '', '2.00', '', NULL, '2020-01-18 15:58:11'),
(12, 'Jake', 'Smith', 'Rocky Mountain Fur', '15005 Willis Rd', '', 'Caldwell', 'ID', '83607', '', '', '2.00', '729-18-000017', NULL, '2020-01-18 15:58:31'),
(13, 'Johny ', 'Hughes', 'J and M Fur', '', '', '', '', '', '', '', '2.00', '', NULL, '2020-01-18 15:58:54'),
(14, 'Eric', 'Hansell', 'Pappas Fur', '', '', '', '', '', '', '', '2.00', '', NULL, '2020-01-18 15:59:25'),
(15, 'Gary', 'Schroeder', 'Moscow Hide and Fur', 'PO Box 8918', '', 'Moscow', 'ID', '83843', '2088820601', '', '2.00', '729-16-000001', NULL, '2020-01-18 16:00:05'),
(16, 'Jerry', 'Taylor', 'Line of Bull', 'PO Box 344', '', 'Deary', 'ID', '83823', '2088771127', '', '2.00', '', NULL, '2020-01-18 16:04:03'),
(17, 'Tyce', 'Mathews', 'Tyce Mathews', '174 E. 6600 S', '', 'Hyrum ', 'UT', '84319', '', '', '2.00', '706-20-000010', NULL, '2020-01-18 16:05:57'),
(18, 'Chris', 'Lunn', 'Wyoming Fur Trader', '106 Misty Meadow Ln', '', 'Etna', 'WY', '83118', '3072649661', '', '2.00', '706-20-000009', NULL, '2020-01-18 16:08:43'),
(19, 'Pete', 'Anestos', 'Pete Anestos', '9589', 'Pocatello Creek Rd', 'Pocatello', 'ID', '83201', '', '', '2.00', '704-20-000060', NULL, '2020-01-18 16:09:56'),
(20, 'Dustin', 'Raney', 'Northwest Traditions', '250 W 2nd St', '', 'Hazelton', 'ID', '83335', '', '', '2.00', '729-20-000017', NULL, '2020-01-18 16:11:44'),
(21, 'Angel', 'Lovan-Hollaway', 'Angel Lovan-Hollaway', '3649 S. Peoria Way', '', 'Meridian', 'ID', '83642', '', '', '2.00', '', NULL, '2020-01-18 16:12:48'),
(22, 'Don ', 'Judkins', 'Fort Benton Fur', 'PO Box 742', '', 'Orifino', '', '83544', '', '', '2.00', '704-20-000164', NULL, '2020-01-18 16:13:50'),
(23, 'Rusty ', 'Kramer', 'Rusty Kramer', '246 B S. Hwy 46', '', 'Fairfield', 'ID', '83327', '', '', '2.00', '704-20-000141', NULL, '2020-01-18 16:15:13'),
(24, 'Bernard', 'Nelson', 'Bernie Nelson', '1842 Freeman Lake Rd', '', 'Oldtown', 'ID', '83822', '', '', '2.00', '704-20-000205', NULL, '2020-01-18 16:17:24'),
(25, 'Paul', 'Antczak', 'Paul Antczak', '157 Skookum Lk Rd', '', 'Marion', 'MT', '59925', '4068909098', '', '2.00', '', NULL, '2020-01-18 16:26:03'),
(26, 'Kyle', 'Whiteley', 'Kyle Whiteley', '408 Valley View Circle', '', 'Jerome', 'ID', '83338', '2087493704', '', '2.00', '', NULL, '2020-01-18 17:07:27'),
(27, 'David', 'Marshall', 'David Marshall', '1417 W 13th St', '', 'Meridian', 'ID', '83642', '2086598696', '', '2.00', '', NULL, '2020-01-18 17:09:09'),
(28, 'Desiree', 'Jewett', 'Desiree Jewett', 'PO Box 575', '', 'Bruneau', 'ID', '83604', '2089431781', '', '2.00', '', NULL, '2020-01-18 18:44:34'),
(29, 'Stanley', 'Bassett', 'ALCC FUR', 'PO Box 25', '', 'Hyrum ', '', '84319', '', '', '2.00', '706-20-000011', NULL, '2020-01-18 18:51:12'),
(30, 'Donald', 'Sickels', 'Donald Dickels', 'PO Box 6', '', 'Whitebird', 'ID', '83554', '2088161148', '', '2.00', '', NULL, '2020-01-18 19:22:41'),
(31, 'Josh', 'Rollins', 'Josh Rollins', '3495 A Beacon Ave', '', 'Emmett', 'ID', '83617', '', '', '2.00', '', NULL, '2020-01-18 19:42:06'),
(32, 'Drew', 'Bittenbender', 'Drew Bittenbender', '', '', '', '', '', '2083150680', '', '2.00', '', NULL, '2020-01-18 21:51:47'),
(33, 'Clayton', 'Wetzstein', 'Clayton Wetzstein', '4274 N 1400 E', '', 'Buhl', 'ID', '83316', '2085950837', '', '2.00', '', NULL, '2020-01-18 23:33:07'),
(34, 'Caleb', 'Hampton', 'Caleb Hampton', '3675 N 3650 W ', '', 'Moore', 'ID', '83255', '2082067343', '', '2.00', '', NULL, '2020-01-18 23:33:47'),
(35, 'Steve', 'Jewett', 'Steve Jewett', '26800', '', 'Bruneau', 'ID', '83604', '2089431791', '', '2.00', '', NULL, '2020-01-18 23:59:02'),
(36, 'Justin', 'Archer', '', '18883 E 29TH ', '', 'Wendell', 'ID', '83355', '2085393578', 'justinarcher@gmail.com', '2.00', '', NULL, '2020-01-19 00:01:59'),
(37, '', '', '', '', '', '', '', '', '', '', '2.00', '', NULL, '2020-01-19 00:02:07'),
(38, 'hayden', 'beams', '', '1617 Crystal lane ', 'Weiser', 'id', '', '83672', '2087395702', 'haydenbeams21@gmail.com', '2.00', '', NULL, '2020-01-19 15:34:30'),
(40, 'randy', 'pollard', 'rp buys horns', '925 E Bench Lane ', '#306', 'glenns Ferry', '', '83623', '2088917902', 'deanna.pollard1@gmail.com', '2.00', '', NULL, '2020-01-19 16:53:09'),
(41, 'Tom ', 'Schiermeier ', 'Schiermeier Taxadermy', '', '', '', '', '', '2087345111', '', '2.00', '729-16-000003', NULL, '2020-01-19 17:57:00');

-- --------------------------------------------------------

--
-- Table structure for table `item_type`
--

CREATE TABLE `item_type` (
  `id` int(11) NOT NULL,
  `name` varchar(255) COLLATE utf8_unicode_ci NOT NULL,
  `date_created` datetime NOT NULL DEFAULT CURRENT_TIMESTAMP
) ENGINE=MyISAM DEFAULT CHARSET=utf8 COLLATE=utf8_unicode_ci;

--
-- Dumping data for table `item_type`
--

INSERT INTO `item_type` (`id`, `name`, `date_created`) VALUES
(1, 'Antlers', '2020-01-17 03:40:11'),
(2, 'Artic Fox', '2020-01-17 03:40:11'),
(3, 'Baculum', '2020-01-17 03:40:11'),
(4, 'Badger', '2020-01-17 03:40:11'),
(5, 'Bear Parts', '2020-01-17 03:40:11'),
(6, 'Bear rug', '2020-01-17 03:40:11'),
(7, 'Beaver', '2020-01-17 03:40:11'),
(8, 'Beaver Darts', '2020-01-17 03:40:11'),
(9, 'Beaver Skulls', '2020-01-17 03:40:11'),
(10, 'Beaver Tails', '2020-01-17 03:40:11'),
(11, 'Bee Hive', '2020-01-17 03:40:11'),
(12, 'Blue Fox', '2020-01-17 03:40:11'),
(13, 'Bobcat', '2020-01-17 03:40:11'),
(14, 'Bobcat Bones', '2020-01-17 03:40:11'),
(15, 'Bobcat Paws', '2020-01-17 03:40:11'),
(16, 'Bobcat Skull', '2020-01-17 03:40:11'),
(17, 'Castor', '2020-01-17 03:40:11'),
(18, 'Cougar', '2020-01-17 03:40:11'),
(19, 'Coyote', '2020-01-17 03:40:11'),
(20, 'Coyote Paws', '2020-01-17 03:40:11'),
(21, 'Coyote Skulls', '2020-01-17 03:40:11'),
(22, 'Cross Fox', '2020-01-17 03:40:11'),
(23, 'Earings', '2020-01-17 03:40:11'),
(24, 'Ermine', '2020-01-17 03:40:11'),
(25, 'Ermine Skull', '2020-01-17 03:40:11'),
(26, 'Fox Paws', '2020-01-17 03:40:11'),
(27, 'Fur Coat', '2020-01-17 03:40:11'),
(28, 'Fur Headband', '2020-01-17 03:40:11'),
(29, 'Fur Pieces', '2020-01-17 03:40:11'),
(30, 'Goat Skulls', '2020-01-17 03:40:11'),
(31, 'Goat / Sheep Horns', '2020-01-17 03:40:11'),
(32, 'Grey Fox', '2020-01-17 03:40:11'),
(33, 'Grouse Tails', '2020-01-17 03:40:11'),
(34, 'Hoop Art', '2020-01-17 03:40:11'),
(35, 'Indian Leather Jacket', '2020-01-17 03:40:11'),
(36, 'Indian Shield', '2020-01-17 03:40:11'),
(37, 'Lion Skull', '2020-01-17 03:40:11'),
(38, 'Lynx Feet', '2020-01-17 03:40:11'),
(39, 'Marten', '2020-01-17 03:40:11'),
(40, 'Mink', '2020-01-17 03:40:11'),
(41, 'Misc Bones', '2020-01-17 03:40:11'),
(42, 'Misc Skulls', '2020-01-17 03:40:11'),
(43, 'Muskrat', '2020-01-17 03:40:11'),
(44, 'Necklace', '2020-01-17 03:40:11'),
(45, 'Opossum', '2020-01-17 03:40:11'),
(46, 'Otter', '2020-01-17 03:40:11'),
(47, 'Porky Claws', '2020-01-17 03:40:11'),
(48, 'Porky Hair', '2020-01-17 03:40:11'),
(49, 'Porky Quills', '2020-01-17 03:40:11'),
(50, 'Raccoon', '2020-01-17 03:40:11'),
(51, 'Raccoon Paws', '2020-01-17 03:40:11'),
(52, 'Raccoon Skulls', '2020-01-17 03:40:11'),
(53, 'Red Fox', '2020-01-17 03:40:11'),
(54, 'Silver Fox', '2020-01-17 03:40:11'),
(55, 'Skunk', '2020-01-17 03:40:11'),
(56, 'Skunk Essence', '2020-01-17 03:40:11'),
(57, 'Skunk Skulls', '2020-01-17 03:40:11'),
(58, 'Tanned Lamb Skin', '2020-01-17 03:40:11'),
(59, 'Traps', '2020-01-17 03:40:11'),
(60, 'Turkey Beard', '2020-01-17 03:40:11'),
(61, 'Turkey Tails', '2020-01-17 03:40:11'),
(62, 'White fox', '2020-01-17 03:40:11'),
(63, 'Wolf', '2020-01-17 03:40:11'),
(64, 'Wolf Skull', '2020-01-17 03:40:11');

-- --------------------------------------------------------

--
-- Table structure for table `seller`
--

CREATE TABLE `seller` (
  `id` int(11) NOT NULL,
  `trapper_id` varchar(255) COLLATE utf8_unicode_ci NOT NULL,
  `first_name` varchar(255) COLLATE utf8_unicode_ci NOT NULL,
  `last_name` varchar(255) COLLATE utf8_unicode_ci NOT NULL,
  `address_1` varchar(255) COLLATE utf8_unicode_ci DEFAULT NULL,
  `address_2` varchar(255) COLLATE utf8_unicode_ci DEFAULT NULL,
  `city` varchar(255) COLLATE utf8_unicode_ci DEFAULT NULL,
  `state` varchar(255) COLLATE utf8_unicode_ci DEFAULT NULL,
  `zip` varchar(255) COLLATE utf8_unicode_ci DEFAULT NULL,
  `phone` varchar(255) COLLATE utf8_unicode_ci DEFAULT NULL,
  `email` varchar(255) COLLATE utf8_unicode_ci DEFAULT NULL,
  `commission` decimal(12,2) NOT NULL,
  `date_created` datetime NOT NULL DEFAULT CURRENT_TIMESTAMP
) ENGINE=InnoDB DEFAULT CHARSET=utf8 COLLATE=utf8_unicode_ci;

--
-- Dumping data for table `seller`
--

INSERT INTO `seller` (`id`, `trapper_id`, `first_name`, `last_name`, `address_1`, `address_2`, `city`, `state`, `zip`, `phone`, `email`, `commission`, `date_created`) VALUES
(6, '70220000779', 'Keith ', 'Vines', '3905 West 6th South ', '', 'Mountain Home ', 'ID', '83647', '(208)599-2765', 'keithvines55@yahoo.com', '5.00', '2020-01-17 16:14:22'),
(7, '702-20-000577', 'Stephen ', 'Olsen', 'PO Box 104', '', 'Shoshone', 'ID', '83352', '', '', '5.00', '2020-01-17 16:20:00'),
(8, '151558020', 'Bruce ', 'Bartow', 'PO Box 2309', '', 'Dillon', 'CO', '80435-2309', '(208)521-7469', '', '5.00', '2020-01-17 16:24:26'),
(9, '70000523944', 'William', 'Wedding Jr', '3505 Sugar Cr Rd', '', 'Madisonville', '', '42431', '(270)383-3117', 'newipc@yahoo.com', '5.00', '2020-01-17 16:26:35'),
(11, '70220001020', 'Steve', 'Gifford', 'po box 203', '', 'Grand View ', 'Idaho', '83624', '(208)834-2131', 'wood203@hotmail.com', '5.00', '2020-01-17 16:30:08'),
(13, '70220000041', 'Roger ', 'Olson', '640 Buckhorn Drive ', '', 'Hailey', 'ID', '83333', '(208)309-0979', 'rkolson640@outlook.com', '5.00', '2020-01-17 16:33:01'),
(14, '70220001393', 'Todd', 'Wierschen', '1781 n Doe Ave', '', 'Kuna', 'ID', '83634', '(209)218-980', 'todd@commteksolutions.com', '5.00', '2020-01-17 16:35:21'),
(15, '70220000192', 'Pete ', 'Anestos', '9589 W Pocatello Rd ', '', 'Pocatello ', '', '83201', '(208)241-4100', 'anestosin@hotmail.com', '5.00', '2020-01-17 16:40:38'),
(16, '70220000655', 'Douglas', 'Cooper', '3000 Jamie Lane ', '', 'Mtn Home ', '', '83647', '(208)590-5615', '', '5.00', '2020-01-17 16:46:12'),
(17, '70220000159', 'David', 'Marshall', '1417 W 13th st ', '', 'Meridan', 'id', '83642', '(208)695-8696', 'idahoducker@cableone.net', '5.00', '2020-01-17 16:49:07'),
(18, '104-19-008461', 'Travis', 'Heyrend', '6579 S. 2000 W.', '', 'Rexburg', 'ID', '83440', '(208)709-9104', 'travisheyrend21@gmail.com', '5.00', '2020-01-17 16:52:54'),
(19, '488124694', 'Gary', 'Leistico', '11553 85th Ave SE', '', 'Clear Lake', 'MN', '55319', '(320)267-6721', 'gleistico@rinkenoonan.com', '5.00', '2020-01-17 16:56:19'),
(20, '70220000010', 'Mark', 'Griffith', '1349 Spring crt', '', 'Jerome ', 'ID', '83338', '(208)410-0967', 'mgjs60@gmail.com', '5.00', '2020-01-17 16:58:38'),
(21, '1911041300674', 'Galen', 'Hill', '9022 W. Co. Rd. 1200 S.', '', 'Westport', 'IN', '47283', '(812)614-8828', '', '5.00', '2020-01-17 16:59:21'),
(23, '1', 'Rusty ', 'Kramer', 'Backwoods Redneck', '', 'Missy Rocks', 'ID', '696969', '(696)696-6969', 'mybitchshot@kramer.com', '5.00', '2020-01-17 17:18:57'),
(24, '5427061', 'Dave', 'Hastings', '6 Shady Acres', '', 'Lemoyne', 'NE', '69146', '(308)355-2439', 'ftaeditor@yahoo.com', '5.00', '2020-01-17 17:22:27'),
(25, '702-20-000322', 'Toby', 'Walrath', '653 Ledges Dr', '', 'Sagle', 'ID', '83860', '', '', '5.00', '2020-01-17 17:28:29'),
(26, '10520002484', 'Grant', 'Hegerhorst', '27941 Shoofly Cutoff Rd ', '', ' Meridan', 'ID', '83604', '(208)845-2085', 'grantheg@gmail.com', '5.00', '2020-01-17 17:29:21'),
(27, '999855378768', 'Butch', 'Victorjenks Sr', '517 St Hwy 206', '', 'Greene', 'NY', '13778', '', '', '5.00', '2020-01-17 17:30:22'),
(28, '14817000028', 'Rick', 'Peak', '850 S country ln ', '', 'Hammett', 'ID', '83627', '(208)590-0584', 'rickandmarilynp@hotmail.com', '5.00', '2020-01-17 17:33:52'),
(29, '702-20-000702', 'Lari', 'Perron', '389 S. 650 E. ', '', 'Dietrich', 'ID', '83324', '(208)420-4775', '', '5.00', '2020-01-17 17:34:06'),
(30, '70220000117', 'Kevin', 'perron', '248 Willow Lane', '', 'Hagerman', 'ID', '83322', '(208)837-4077', 'kperron@buhlschools.org', '5.00', '2020-01-17 17:36:31'),
(31, '702-20-000424', 'Jim', 'Kramer', '478 E. 400 S. ', '', 'Fairfield', 'ID', '83327', '(208)358-2578', 'remarkj@hughes.net', '5.00', '2020-01-17 17:36:34'),
(32, '10120003107', 'Arnold', 'Peterson', '805 4th ave dr ', '', 'Jerome', 'ID', '83338', '(208)539-6678', 'amyandpete9@gmail.com', '5.00', '2020-01-17 17:40:36'),
(33, '702-20-000452', 'Charlie', 'Fenix', '5250 Westridge Ln', '', 'Emmett', 'ID', '83617', '(208)870-7356', 'lindastclair1@gmail.com', '5.00', '2020-01-17 17:40:47'),
(34, '70220000009', 'Kelly', 'Lee', '1487 Falls Ave W ', '', 'Twin Falls', 'ID', '83301', '(208)316-0515', 'skins_46@yahoo.com', '5.00', '2020-01-17 17:46:19'),
(35, '701-20-000038', 'Caleb', 'Hampton', '3650 W 3675 N', '', 'Moore', 'ID', '83255', '(208)206-7343', '', '5.00', '2020-01-17 17:53:56'),
(36, '702-20-000214', 'Bill', 'Wenner', '1750 S Thacker', '', 'Hammett', 'ID', '83627', '(208)407-2242', 'bwenner62@gmail.com', '5.00', '2020-01-17 18:03:00'),
(37, '702-20-000178', 'Craig', 'Telford', '702 N 6th', '', 'Parma', 'ID', '83660', '(208)369-1101', 'craigstattooandracing@yahoo.com', '5.00', '2020-01-17 18:13:49'),
(38, '702-20-001199', 'Jacob', 'Hoyer', '102 Hoff St', '', 'Horseshoe Bend', 'ID', '83628', '(208)781-0117', '', '5.00', '2020-01-17 18:16:22'),
(39, '3183241', 'Don', 'Noorda', 'PO Box 936', '', 'Wells', 'NV', '89835', '(775)777-5242', 'donnoorda@yahoo.com', '5.00', '2020-01-17 18:28:49'),
(40, '70220000051', 'Donald', 'Lentfer', 'po box 524 ', '', 'Filer', 'ID', '83328', '(208)721-2096', 'donaldelentfer@gmail.com', '5.00', '2020-01-17 18:33:17'),
(41, '702-20-001444', 'Scott', 'Lindsey', 'PO Box 223', '', 'Whitebird', 'ID', '83554', '(208)839-9965', '', '5.00', '2020-01-17 18:36:28'),
(42, '70220001086', 'Tim', 'Schwanke', '6720 W Jarvis Dr ', '', 'mountain Home ', 'ID', '83647', '(208)571-9312', 'rebelram2003@gmail.com', '5.00', '2020-01-17 18:36:56'),
(44, '702-20-000378', 'Donald', 'Sickels', 'PO Box 6', '', 'Whitebird', 'ID', '83554', '(208)839-2653', '', '5.00', '2020-01-17 18:45:53'),
(45, 'tool178100061', 'Tyce', 'Mathews', '174 East 6600 South', '', 'Hyrum', 'UT', '84319', '(435)770-3741', 'tycemathews@gmail.com', '5.00', '2020-01-17 18:47:52'),
(46, '2', 'Mike', 'Ingram', '1705', 'e', '10th N ', 'ID', '83647', '(208)590-0878', 'ishootclays@hotmail.com', '5.00', '2020-01-17 18:52:12'),
(47, '03111957102 montana', 'Scott', 'Smith', '27605 Broken Leg Rd ', '', 'Bigfork', 'MT', '59911', '(717)799-7027', '', '5.00', '2020-01-17 18:58:22'),
(48, '101-20-006529', 'William', 'Harsch', '6079 Purple Sage Rd', '', 'Star', '', '83669', '(208)870-5936', '', '5.00', '2020-01-17 19:20:51'),
(49, '702-20-000022', 'Jean', 'Espil', '1455 Anny Dr W.', '', 'Twin Falls', 'ID', '83301', '(208)410-9302', 'desertcoyote52@gmail.com', '5.00', '2020-01-17 19:30:39'),
(50, '70220000773', 'Dustin', 'Raney', '250 W 2nd st ', '', 'Hazelton', 'ID', '83335', '(208)650-5611', 'dustinmodern@yahoo.com', '5.00', '2020-01-17 19:31:10'),
(51, '70220000773', 'Dustin', 'Raney', '250 W 2nd st ', '', 'Hazelton', 'ID', '83335', '(208)650-5611', 'dustinmodern@yahoo.com', '5.00', '2020-01-17 19:31:25'),
(52, '702-20-000036', 'Brent', 'Pierson', '308 W B St', '', 'Shoshone', 'ID', '83352', '(208)731-1704', 'bdpierson23@gmail.com', '5.00', '2020-01-17 19:34:03'),
(53, '70220000050', 'boyd', 'Wilmath', '239 Delaware Ave ', '', 'nampa', 'ID', '83651', '(208)733-0559', 'wilmothbunch@hotmail.com', '5.00', '2020-01-17 19:34:59'),
(54, '702-20-001314', 'Travis ', 'Holmquist', '22848 Honey Bee Ct', '', 'Middleton', 'ID', '83644', '(208)697-2790', 'traviselk@gmail.com', '5.00', '2020-01-17 19:38:48'),
(55, '70220000323', 'Justin', 'Archer', '18883 E 29005 ', '', 'Wendell', 'ID', '83355', '(208)539-3578', 'justinwarcher@yahoo.com', '5.00', '2020-01-17 19:44:24'),
(56, '104-20-002848', 'Bret', 'Walters', '2853 Sundance Dr', '', 'Twin Falls', 'ID', '83301', '(208)420-7860', 'bretw@slhs.org', '5.00', '2020-01-17 19:44:34'),
(57, '702-20-000408', 'Isaias', 'Espino', 'PO Box 863', '', 'Glenns Ferry', 'ID', '83623', '(208)570-4450', 'isaias-espino@yahoo.com', '5.00', '2020-01-17 19:48:12'),
(58, '9613110', 'Jesse', 'Ross', '5980 Lund St', '', 'Juneau', 'AK', '99801', '(907)321-3174', 'ross_jesse@hotmail.com', '5.00', '2020-01-17 19:50:41'),
(59, '70220000501', 'Eric', 'Wieland', '433 Davis Rd ', '', 'Sagle', 'ID', '83860', '(208)290-0221', 'chukarforever@gmail.com', '5.00', '2020-01-17 19:52:53'),
(60, 'EN2798083993', 'Emily ', 'Olson', 'PO Box 48', '', 'Winnett', 'MT', '59087', '(406)366-1209', '', '5.00', '2020-01-17 19:57:32'),
(61, '70220000417', 'Andy', 'Harder', '4312 E Horder Ln ', '', 'King Hill ', 'ID', '83633', '(208)358-1227', '', '5.00', '2020-01-17 20:00:26'),
(62, '995332362', 'Marcus', 'Robinson', '5114 N Scenic Dr', '', 'Enoch', 'UT', '84721', '(435)590-1592', 'marcuscrobinson@gmail.com', '5.00', '2020-01-17 20:00:27'),
(63, '70220000069', 'Desiree', 'Jewett', 'po box 575', '', ' Grasmere', 'ID', '83604', '(208)943-1781', '', '5.00', '2020-01-17 20:07:52'),
(64, '702-20-000457', 'Brent', 'Sawyer', 'PO Box 2487', '', 'McCall', 'ID', '83638', '(208)315-7201', 'backcountryriverguides@gmail.com', '5.00', '2020-01-17 20:38:55'),
(65, '702-20-000575', 'Toby', 'Orient', '660 Knights Rd', '', 'McCall', 'ID', '83638', '(406)370-3842', '', '5.00', '2020-01-17 20:41:42'),
(66, '3182721', 'Kenneth', 'Pete Sr', 'PO Box 478', '', 'Owyhee', 'NV', '89832', '(775)901-1719', 'nvfancydancer@hotmail.com', '5.00', '2020-01-17 20:46:22'),
(67, '7002-20-000018', 'Matt', 'March', '4444 N. Ballantyne L', '', 'Eagle', 'ID', '83616', '(208)939-1407', 'mattmarchjr@gmail.com', '5.00', '2020-01-17 20:49:38'),
(68, 'sp400695', 'Brendon', 'Ash', '722 North c street ', '', 'Grangeville', 'ID', '83530', '(208)494-4153', 'BrendonAsh@mail.com', '5.00', '2020-01-17 20:54:24'),
(69, '101-19-021358', 'Jake', 'VanMeer', '980 SE Discovery Way', '', 'Mountain Home', 'ID', '83647', '(208)591-1710', 'tonygtr92@gmail.com', '5.00', '2020-01-17 20:54:36'),
(70, '702-20-001720', 'Dwight', 'Hollinger', '4835 850 W', '', 'Heyburn', 'ID', '83336', '(208)650-8995', 'dwight.flhrs@hotmail.com', '5.00', '2020-01-17 20:59:25'),
(72, '702-20-000528', 'Paul', 'Campell', '6200 Pasco rd ', '', 'Mapsing', 'ID', '83639', '(208)405-6264', '', '5.00', '2020-01-17 21:01:09'),
(73, '702-20-000680', 'David', 'Koerner', '140 Wilde Pl', '', 'McCall', 'ID', '83638', '(208)315-4206', '', '5.00', '2020-01-17 21:03:29'),
(74, '032460-1-MT', 'Linda', 'BIrkoski', '912 45th Ave NE', '', 'Great Falls', 'MT', '59404', '(406)868-2280', 'nacnlucy@gmail.com', '5.00', '2020-01-17 21:17:17'),
(75, '702-20-001385', 'JD', 'Brock', '5520 Spring Lane', 'Emmett', '', 'ID', '83617', '(775)217-8207', '', '5.00', '2020-01-17 21:26:17'),
(76, '000097289784', 'Bob ', 'Meier', '38 Francis Dr', '', 'Walla Walla', 'WA', '99362', '(509)200-6039', 'bobmeier38@yahoo.com', '5.00', '2020-01-17 22:15:07'),
(77, '702-20-000871', 'Phil', 'Teichert', '18808 Smiley Peak Ave', '', 'Nampa', 'ID', '83687', '(208)989-2103', 'philteichert@gmail.com', '5.00', '2020-01-17 22:17:31'),
(78, '03071988-1 MT', 'Spencer', 'Mayhew', '3187 Hwy 2 West', '', 'Kalispell', 'MT', '59901', '(406)261-0670', 'spencermayhee@gmail.com', '5.00', '2020-01-17 22:29:30'),
(79, '12/24/1967 -70 MT', 'Paul', 'Antczak', '157 Skookum Lk Rd', '', 'Marion', 'MT', '59925', '(406)890-9098', '', '5.00', '2020-01-17 22:34:17'),
(80, '702-20-001270', 'Hayden', 'Beams', '1617 Crystal Ln', '', 'Weiser', 'ID', '83672', '(208)739-5702', 'haydenbeams21@gmail.com', '5.00', '2020-01-17 22:57:45'),
(81, '702-20-000013', 'Brad', 'Asher', '1346 Keyon rd', '', 't.f.', 'ID', '83301', '(208)293-2511', 'fishinwife@hotmail.com', '5.00', '2020-01-17 23:05:03'),
(82, '702-20-00160', 'Micheal', 'Barrett', '1535 Ne Urwin St ', '', 'Mountain Home', 'ID', '83647', '(460)360-9367', 'hunt2505@yahoo.com', '5.00', '2020-01-17 23:34:48'),
(83, '702-20-000325', 'Casey', 'Bench', '510 N Wilson', '', 'Oakley', 'ID', '83346', '(208)431-2240', 'green@pmt.org', '5.00', '2020-01-17 23:55:39'),
(84, '08-10-06-1 mt', 'Ty ', 'Crofts', '4433 Creston Hatcherry Rd ', '', 'Kalispell', 'MT', '59901', '(406)212-1217', '', '5.00', '2020-01-17 23:55:48'),
(85, '21310000266 wa', 'Dan', 'Chapman', '112 Archer Rd ', '', 'Dayton', 'WA', '99328', '(509)520-2818', 'daniel03@hughes.net', '5.00', '2020-01-18 00:33:59'),
(86, '702-20-001415', 'Adam', 'Miller', '2700 NE Haskett PL', '', 'Mountain Home', 'ID', '83647', '(208)599-3977', 'adam1football@gmail', '5.00', '2020-01-18 00:50:15'),
(87, '702-20-000299', 'Boone', 'Petersen', ' 1325 Foothills Rd', '', 'Challis', '', '83226', '(208)833-7003', 'boone@custertel.net', '5.00', '2020-01-18 04:45:36'),
(88, '702-20-000287', 'Juan', 'Ramirez', 'PO Box 444', '', 'Grand View', 'ID', '83624', '(208)834-2333', '', '5.00', '2020-01-18 14:57:58'),
(89, '702-20-000973', 'Josh', 'Cooper', '815 N 11th E', '', 'Mountain Home', 'ID', '83647', '(208)860-0676', 'josh.cooper@rocketmail.com', '5.00', '2020-01-18 15:01:13'),
(90, '702-20-000735', 'Brandon', 'Hurd', '40 freedom Loop', '', 'Bellevue', 'ID', '83313', '(702)309-8384', '', '5.00', '2020-01-18 15:06:37'),
(91, '104-20-004312', 'David', 'Walker', '1225 Lower Bluff Rd', '', 'Emmett', '', '83617', '(208)954-1248', '10dwalk10@gmail.com', '5.00', '2020-01-18 15:08:05'),
(92, '143933840  ', 'Elizabeth', 'Swann', '311 E Williw Creek Rd ', '', 'middleton', 'ID', '83644', '(941)268-0600', 'uphill0909@gmail.com', '5.00', '2020-01-18 15:31:33'),
(93, '702-20-000825', 'Bryce', 'Roberts', '12262 Iowa Ave', '', 'Nampa', 'ID', '83686', '(208)861-0237', 'bryce@exploring208.com', '5.00', '2020-01-18 15:47:11'),
(94, '702-20-000432', 'Boyd', 'Gardner', '2120 s 500 W', '', 'oakley', 'ID', '83346', '(208)862-3679', 'teddy.bear@pmt.org', '5.00', '2020-01-18 15:49:34'),
(96, '101-20-005238', 'Jonathan', 'Klemer', '4347 N Morninggale Pl', '', 'Boise', '', '', '(208)921-1192', 'jklemer28@hotmail.com', '5.00', '2020-01-18 16:13:32'),
(97, '729-17-000001', 'Nick', 'Clark', '3465 Clemans Rd ', '', 'Clarkston', 'WA', '99403', '(208)743-4885', '', '5.00', '2020-01-18 16:16:09'),
(98, '702-20-001261', 'Taylor', 'Blakney', '1356 NE Rock Ridge', '', 'Mountain Home', 'ID', '83647', '(979)716-8229', 'tblank2012@yahoo.com', '5.00', '2020-01-18 16:23:53'),
(99, '702-20-001597', 'Ron', 'Martell', 'po box 711', '', 'Filer', '', '83328', '(208)927-0040', 'rsmarten@yahoo.com', '5.00', '2020-01-18 16:47:01'),
(100, '702-20-001085', 'Zachary', 'Braithwaite', 'PO box 202', '', 'Hammett', 'ID', '83627', '(208)599-3141', 'hwaite@gmail.com', '5.00', '2020-01-18 16:55:26'),
(101, '702-20-000491', 'Richard', 'Chojhacky', '835 20th Ave E ', '', 'Jerome', 'ID', '83338', '(208)324-4398', '', '5.00', '2020-01-18 17:00:11'),
(102, '', 'Rollie', 'Nalder', '1967 Hwy 26', '', 'Gooding', 'ID', '83330', '(208)323-3720', '', '5.00', '2020-01-18 17:10:54'),
(103, '642890', 'Trapper 1', '', '', '', '', '', '', '', '', '5.00', '2020-01-19 15:24:01'),
(104, '12311958105 MT', 'Dan', 'Thingelstad', '37179 Songer Road', '', 'Ronan', 'MT', '59864', '(406)253-3491', 'danshammer2@gmail.com', '5.00', '2020-01-19 22:54:41');

-- --------------------------------------------------------

--
-- Table structure for table `seller_item`
--

CREATE TABLE `seller_item` (
  `id` int(11) NOT NULL,
  `seller_id` int(11) NOT NULL,
  `lot` varchar(255) COLLATE utf8_unicode_ci NOT NULL,
  `type` varchar(255) COLLATE utf8_unicode_ci DEFAULT NULL,
  `item` varchar(255) COLLATE utf8_unicode_ci DEFAULT NULL,
  `unit_of_measure` varchar(255) COLLATE utf8_unicode_ci NOT NULL DEFAULT 'Count',
  `count` decimal(12,2) NOT NULL,
  `tag_id` varchar(255) COLLATE utf8_unicode_ci DEFAULT NULL,
  `asking` decimal(12,2) NOT NULL DEFAULT '0.00',
  `origin_state` varchar(255) COLLATE utf8_unicode_ci DEFAULT NULL,
  `bid_start` datetime NOT NULL,
  `bid_end` datetime NOT NULL,
  `sale_made` tinyint(1) NOT NULL DEFAULT '0',
  `seller_item` decimal(12,2) DEFAULT NULL,
  `date_created` datetime NOT NULL DEFAULT CURRENT_TIMESTAMP
) ENGINE=InnoDB DEFAULT CHARSET=utf8 COLLATE=utf8_unicode_ci;

--
-- Dumping data for table `seller_item`
--

INSERT INTO `seller_item` (`id`, `seller_id`, `lot`, `type`, `item`, `unit_of_measure`, `count`, `tag_id`, `asking`, `origin_state`, `bid_start`, `bid_end`, `sale_made`, `seller_item`, `date_created`) VALUES
(11, 7, '1050', NULL, 'Coyote', 'ct', '35.00', NULL, '3000.00', 'ID', '2020-01-17 16:22:33', '2020-01-17 16:22:33', 0, NULL, '2020-01-17 16:22:33'),
(12, 7, '1051', NULL, 'Red Fox', 'ct', '4.00', NULL, '100.00', 'ID', '2020-01-17 16:22:33', '2020-01-17 16:22:33', 0, NULL, '2020-01-17 16:22:33'),
(13, 7, '1049', NULL, 'Coyote', 'ct', '3.00', NULL, '150.00', 'ID', '2020-01-17 16:22:33', '2020-01-17 16:22:33', 0, NULL, '2020-01-17 16:22:33'),
(14, 7, '1048', NULL, 'Red Fox', 'ct', '1.00', NULL, '9.01', 'ID', '2020-01-17 16:22:33', '2020-01-17 16:22:33', 0, NULL, '2020-01-17 16:22:33'),
(15, 6, '1053', NULL, 'Coyote', 'ct', '1.00', NULL, '1.00', 'ID', '2020-01-17 16:24:57', '2020-01-17 16:24:57', 0, NULL, '2020-01-17 16:24:57'),
(16, 8, '1044', NULL, 'Coyote', 'ct', '2.00', NULL, '1.00', 'CO', '2020-01-17 16:25:00', '2020-01-17 16:25:00', 0, NULL, '2020-01-17 16:25:00'),
(17, 6, '1054', NULL, 'Coyote', 'ct', '1.00', NULL, '1.00', 'ID', '2020-01-17 16:26:56', '2020-01-17 16:26:56', 0, NULL, '2020-01-17 16:26:56'),
(18, 6, '1055', NULL, 'coy', 'ct', '13.00', NULL, '1.00', 'ID', '2020-01-17 16:26:56', '2020-01-17 16:26:56', 0, NULL, '2020-01-17 16:26:56'),
(19, 11, '1056', NULL, 'Coyote', 'ct', '9.00', NULL, '1.00', 'Id', '2020-01-17 16:30:42', '2020-01-17 16:30:42', 0, NULL, '2020-01-17 16:30:42'),
(20, 9, '2001', NULL, 'Raccoon', 'ct', '1.00', NULL, '1.00', 'KY', '2020-01-17 16:31:35', '2020-01-17 16:31:35', 0, NULL, '2020-01-17 16:31:35'),
(21, 9, '2002', NULL, 'Muskrat', 'ct', '6.00', NULL, '1.00', 'KY', '2020-01-17 16:31:35', '2020-01-17 16:31:35', 0, NULL, '2020-01-17 16:31:35'),
(23, 13, '2009', NULL, 'Beaver', 'ct', '8.00', NULL, '1.00', 'ID', '2020-01-17 16:35:50', '2020-01-17 16:35:50', 0, NULL, '2020-01-17 16:35:50'),
(26, 14, '1082', NULL, 'Red Fox', 'ct', '4.00', NULL, '1.00', 'id', '2020-01-17 16:40:55', '2020-01-17 16:40:55', 0, NULL, '2020-01-17 16:40:55'),
(27, 14, '1083', NULL, 'Coyote', 'ct', '8.00', NULL, '1.00', 'ID', '2020-01-17 16:40:55', '2020-01-17 16:40:55', 0, NULL, '2020-01-17 16:40:55'),
(28, 14, '1084', NULL, 'Badger', 'ct', '1.00', NULL, '1.00', 'ID', '2020-01-17 16:40:55', '2020-01-17 16:40:55', 0, NULL, '2020-01-17 16:40:55'),
(29, 15, '1025', NULL, 'Coyote', 'ct', '28.00', NULL, '1.00', 'ID', '2020-01-17 16:41:53', '2020-01-17 16:41:53', 0, NULL, '2020-01-17 16:41:53'),
(39, 16, '1007', NULL, 'Coyote', 'ct', '25.00', NULL, '1.00', 'ID', '2020-01-17 16:46:49', '2020-01-17 16:46:49', 0, NULL, '2020-01-17 16:46:49'),
(40, 9, '2003', NULL, 'Otter', 'ct', '7.00', NULL, '1.00', 'KY', '2020-01-17 16:47:08', '2020-01-17 16:47:08', 0, NULL, '2020-01-17 16:47:08'),
(42, 9, '3004', NULL, 'Castor', 'lbs', '10.70', NULL, '1.00', 'KY', '2020-01-17 16:48:58', '2020-01-17 16:48:58', 0, NULL, '2020-01-17 16:48:58'),
(43, 18, '1040', NULL, 'Red Fox', 'ct', '1.00', NULL, '1.00', 'ID', '2020-01-17 16:54:13', '2020-01-17 16:54:13', 0, NULL, '2020-01-17 16:54:13'),
(44, 18, '1041', NULL, 'Coyote', 'ct', '6.00', NULL, '1.00', 'ID', '2020-01-17 16:54:13', '2020-01-17 16:54:13', 0, NULL, '2020-01-17 16:54:13'),
(45, 18, '2011', NULL, 'Beaver', 'ct', '1.00', NULL, '1.00', 'ID', '2020-01-17 16:54:13', '2020-01-17 16:54:13', 0, NULL, '2020-01-17 16:54:13'),
(46, 17, '1028', NULL, 'Coyote', 'ct', '76.00', NULL, '6000.00', 'ID', '2020-01-17 16:56:23', '2020-01-17 16:56:23', 0, NULL, '2020-01-17 16:56:23'),
(47, 17, '1027', NULL, 'Red Fox', 'ct', '26.00', NULL, '333.00', 'ID', '2020-01-17 16:56:23', '2020-01-17 16:56:23', 0, NULL, '2020-01-17 16:56:23'),
(48, 17, '1030', NULL, 'Cross Fox', 'ct', '1.00', NULL, '20.00', 'ID', '2020-01-17 16:56:23', '2020-01-17 16:56:23', 0, NULL, '2020-01-17 16:56:23'),
(49, 17, '2007', NULL, 'Muskrat', 'ct', '127.00', NULL, '374.00', 'ID', '2020-01-17 16:56:23', '2020-01-17 16:56:23', 0, NULL, '2020-01-17 16:56:23'),
(50, 17, '2004', NULL, 'Beaver', 'ct', '12.00', NULL, '120.00', 'ID', '2020-01-17 16:56:23', '2020-01-17 16:56:23', 0, NULL, '2020-01-17 16:56:23'),
(51, 17, '2006', NULL, 'Mink', 'ct', '3.00', NULL, '20.00', 'id', '2020-01-17 16:56:23', '2020-01-17 16:56:23', 0, NULL, '2020-01-17 16:56:23'),
(52, 17, '1026', NULL, 'Bobcat', 'ct', '1.00', NULL, '500.00', 'ID', '2020-01-17 16:56:23', '2020-01-17 16:56:23', 0, NULL, '2020-01-17 16:56:23'),
(53, 17, '1029', NULL, 'Bobcat', 'ct', '1.00', NULL, '500.00', 'ID', '2020-01-17 16:56:23', '2020-01-17 16:56:23', 0, NULL, '2020-01-17 16:56:23'),
(54, 17, '2005', NULL, 'Otter', 'ct', '2.00', NULL, '100.00', 'id', '2020-01-17 16:56:23', '2020-01-17 16:56:23', 0, NULL, '2020-01-17 16:56:23'),
(55, 17, '3005', NULL, 'Porky Hair', 'oz', '1.39', NULL, '20.00', 'ID', '2020-01-17 16:56:23', '2020-01-17 16:56:23', 0, NULL, '2020-01-17 16:56:23'),
(56, 17, '2008', NULL, 'Muskrat', 'ct', '180.00', NULL, '550.00', 'ID', '2020-01-17 16:56:23', '2020-01-17 16:56:23', 0, NULL, '2020-01-17 16:56:23'),
(57, 21, '1031', NULL, 'Coyote', 'ct', '15.00', NULL, '1.00', 'IN', '2020-01-17 17:00:01', '2020-01-17 17:00:01', 0, NULL, '2020-01-17 17:00:01'),
(58, 20, '1008', NULL, 'Coyote', 'ct', '13.00', NULL, '1.00', 'ID', '2020-01-17 17:04:56', '2020-01-17 17:04:56', 0, NULL, '2020-01-17 17:04:56'),
(59, 20, '1009', NULL, 'Red Fox', 'ct', '1.00', NULL, '1.00', 'ID', '2020-01-17 17:04:56', '2020-01-17 17:04:56', 0, NULL, '2020-01-17 17:04:56'),
(60, 20, '3002 ', NULL, 'Porky Hair', 'oz', '3.24', NULL, '1.00', 'id', '2020-01-17 17:04:56', '2020-01-17 17:04:56', 0, NULL, '2020-01-17 17:04:56'),
(61, 24, '1038', NULL, 'Coyote', 'ct', '2.00', NULL, '1.00', 'NE', '2020-01-17 17:25:22', '2020-01-17 17:25:22', 0, NULL, '2020-01-17 17:25:22'),
(63, 19, '1039', NULL, 'Fisher', 'ct', '2.00', NULL, '1.00', 'MN', '2020-01-17 17:27:32', '2020-01-17 17:27:32', 0, NULL, '2020-01-17 17:27:32'),
(64, 19, '1034', NULL, 'Fisher', 'ct', '2.00', NULL, '1.00', 'MN', '2020-01-17 17:27:32', '2020-01-17 17:27:32', 0, NULL, '2020-01-17 17:27:32'),
(65, 25, '1033', NULL, 'Coyote', 'ct', '12.00', NULL, '1.00', 'ID', '2020-01-17 17:28:58', '2020-01-17 17:28:58', 0, NULL, '2020-01-17 17:28:58'),
(66, 27, '1032', NULL, 'Fisher', 'ct', '2.00', NULL, '1.00', 'NY', '2020-01-17 17:31:26', '2020-01-17 17:31:26', 0, NULL, '2020-01-17 17:31:26'),
(67, 26, '1052', NULL, 'Coyote', 'ct', '3.00', NULL, '1.00', 'id', '2020-01-17 17:31:57', '2020-01-17 17:31:57', 0, NULL, '2020-01-17 17:31:57'),
(68, 28, '1057', NULL, 'Coyote', 'ct', '10.00', NULL, '1.00', 'id', '2020-01-17 17:34:44', '2020-01-17 17:34:44', 0, NULL, '2020-01-17 17:34:44'),
(69, 29, '1023', NULL, 'Coyote', 'ct', '40.00', NULL, '1.00', 'ID', '2020-01-17 17:34:52', '2020-01-17 17:34:52', 0, NULL, '2020-01-17 17:34:52'),
(70, 29, '1024', NULL, 'Red Fox', 'ct', '3.00', NULL, '1.00', 'ID', '2020-01-17 17:34:52', '2020-01-17 17:34:52', 0, NULL, '2020-01-17 17:34:52'),
(71, 31, '1001', NULL, 'Coyote', 'ct', '13.00', NULL, '1.00', 'ID', '2020-01-17 17:39:06', '2020-01-17 17:39:06', 0, NULL, '2020-01-17 17:39:06'),
(72, 31, '1002', NULL, 'Red Fox', 'ct', '12.00', NULL, '1.00', 'ID', '2020-01-17 17:39:06', '2020-01-17 17:39:06', 0, NULL, '2020-01-17 17:39:06'),
(73, 31, '1003', NULL, 'Coyote', 'ct', '103.00', NULL, '1.00', 'ID', '2020-01-17 17:39:06', '2020-01-17 17:39:06', 0, NULL, '2020-01-17 17:39:06'),
(74, 31, '1006', NULL, 'Coyote', 'ct', '1.00', NULL, '1.00', 'ID', '2020-01-17 17:39:06', '2020-01-17 17:39:06', 0, NULL, '2020-01-17 17:39:06'),
(75, 31, '3001', NULL, 'Porky Hair', 'oz', '2.30', NULL, '1.00', 'ID', '2020-01-17 17:39:06', '2020-01-17 17:39:06', 0, NULL, '2020-01-17 17:39:06'),
(76, 30, '1010 ', NULL, 'Coyote', 'ct', '14.00', NULL, '1120.00', 'ID', '2020-01-17 17:39:09', '2020-01-17 17:39:09', 0, NULL, '2020-01-17 17:39:09'),
(77, 30, '1011', NULL, 'fox', 'ct', '4.00', NULL, '50.00', 'id', '2020-01-17 17:39:09', '2020-01-17 17:39:09', 0, NULL, '2020-01-17 17:39:09'),
(78, 30, '1012', NULL, 'Bobcat', 'ct', '3.00', NULL, '1100.00', 'ID', '2020-01-17 17:39:09', '2020-01-17 17:39:09', 0, NULL, '2020-01-17 17:39:09'),
(79, 30, '3003', NULL, 'Porky Hair', 'ct', '7.31', NULL, '120.00', 'id', '2020-01-17 17:39:09', '2020-01-17 17:39:09', 0, NULL, '2020-01-17 17:39:09'),
(80, 32, '1013', NULL, 'Coyote', 'ct', '20.00', NULL, '1.00', 'id', '2020-01-17 17:42:13', '2020-01-17 17:42:13', 0, NULL, '2020-01-17 17:42:13'),
(81, 33, '1046', NULL, 'Coyote', 'ct', '27.00', NULL, '1.00', 'ID', '2020-01-17 17:44:48', '2020-01-17 17:44:48', 0, NULL, '2020-01-17 17:44:48'),
(82, 33, '1047', NULL, 'Coyote', 'ct', '25.00', NULL, '1.00', 'ID', '2020-01-17 17:44:48', '2020-01-17 17:44:48', 0, NULL, '2020-01-17 17:44:48'),
(83, 33, '1045', NULL, 'Red Fox', 'ct', '2.00', NULL, '1.00', 'ID', '2020-01-17 17:44:48', '2020-01-17 17:44:48', 0, NULL, '2020-01-17 17:44:48'),
(84, 33, '3082', NULL, 'Coyote Skulls', 'ct', '29.00', NULL, '1.00', 'ID', '2020-01-17 17:44:48', '2020-01-17 17:44:48', 0, NULL, '2020-01-17 17:44:48'),
(85, 33, '3083', NULL, 'Badger Skulls', 'ct', '6.00', NULL, '1.00', 'ID', '2020-01-17 17:44:48', '2020-01-17 17:44:48', 0, NULL, '2020-01-17 17:44:48'),
(86, 33, '3084', NULL, 'Red Fox Skulls', 'ct', '2.00', NULL, '1.00', 'ID', '2020-01-17 17:44:48', '2020-01-17 17:44:48', 0, NULL, '2020-01-17 17:44:48'),
(87, 33, '3085', NULL, 'Beaver Skulls', 'ct', '1.00', NULL, '1.00', 'ID', '2020-01-17 17:44:48', '2020-01-17 17:44:48', 0, NULL, '2020-01-17 17:44:48'),
(88, 33, '3086', NULL, 'Porky Hair', 'oz', '1.41', NULL, '1.00', 'ID', '2020-01-17 17:44:48', '2020-01-17 17:44:48', 0, NULL, '2020-01-17 17:44:48'),
(89, 31, '1004', NULL, 'Wolf', 'ct', '1.00', NULL, '350.00', 'ID', '2020-01-17 17:46:12', '2020-01-17 17:46:12', 0, NULL, '2020-01-17 17:46:12'),
(90, 31, '1005', NULL, 'Wolf', 'ct', '1.00', NULL, '350.00', 'ID', '2020-01-17 17:46:12', '2020-01-17 17:46:12', 0, NULL, '2020-01-17 17:46:12'),
(91, 34, '2022', NULL, 'Raccoon', 'ct', '1.00', NULL, '30.00', 'id', '2020-01-17 17:52:13', '2020-01-17 17:52:13', 0, NULL, '2020-01-17 17:52:13'),
(92, 34, '1094', NULL, 'Coyote', 'ct', '95.00', NULL, '7600.00', 'id', '2020-01-17 17:52:13', '2020-01-17 17:52:13', 0, NULL, '2020-01-17 17:52:13'),
(93, 34, '1095', NULL, 'Coyote', 'ct', '1.00', NULL, '100.00', 'ID', '2020-01-17 17:52:13', '2020-01-17 17:52:13', 0, NULL, '2020-01-17 17:52:13'),
(94, 34, '1096', NULL, 'Bobcat', 'ct', '2.00', NULL, '200.00', 'ID', '2020-01-17 17:52:13', '2020-01-17 17:52:13', 0, NULL, '2020-01-17 17:52:13'),
(95, 34, '2021', NULL, 'Otter', 'ct', '1.00', NULL, '45.50', 'ID', '2020-01-17 17:52:13', '2020-01-17 17:52:13', 0, NULL, '2020-01-17 17:52:13'),
(96, 35, '1105', NULL, 'Red Fox', 'ct', '15.00', NULL, '1.00', 'ID', '2020-01-17 18:01:33', '2020-01-17 18:01:33', 0, NULL, '2020-01-17 18:01:33'),
(97, 35, '1106', NULL, 'Coyote', 'ct', '2.00', NULL, '1.00', 'ID', '2020-01-17 18:01:33', '2020-01-17 18:01:33', 0, NULL, '2020-01-17 18:01:33'),
(98, 35, '3093', NULL, 'Porky Hair', 'oz', '2.61', NULL, '1.00', 'ID', '2020-01-17 18:01:33', '2020-01-17 18:01:33', 0, NULL, '2020-01-17 18:01:33'),
(99, 36, '1100', NULL, 'Coyote', 'ct', '8.00', NULL, '1.00', 'ID', '2020-01-17 18:06:33', '2020-01-17 18:06:33', 0, NULL, '2020-01-17 18:06:33'),
(100, 36, '1101', NULL, 'Bobcat', 'ct', '1.00', NULL, '400.00', 'ID', '2020-01-17 18:06:33', '2020-01-17 18:06:33', 0, NULL, '2020-01-17 18:06:33'),
(101, 36, '1102', NULL, 'Bobcat', 'ct', '1.00', NULL, '200.00', 'ID', '2020-01-17 18:06:33', '2020-01-17 18:06:33', 0, NULL, '2020-01-17 18:06:33'),
(102, 36, '1103', NULL, 'Bobcat', 'ct', '1.00', NULL, '266.00', 'ID', '2020-01-17 18:06:33', '2020-01-17 18:06:33', 0, NULL, '2020-01-17 18:06:33'),
(103, 36, '1104', NULL, 'Bobcat', 'ct', '1.00', NULL, '300.00', 'ID', '2020-01-17 18:06:33', '2020-01-17 18:06:33', 0, NULL, '2020-01-17 18:06:33'),
(104, 36, '3092', NULL, 'Skunk Essence', 'ct', '1.00', NULL, '1.00', 'ID', '2020-01-17 18:06:33', '2020-01-17 18:06:33', 0, NULL, '2020-01-17 18:06:33'),
(105, 37, '1097', NULL, 'Coyote', 'ct', '16.00', NULL, '1.00', 'ID', '2020-01-17 18:14:59', '2020-01-17 18:14:59', 0, NULL, '2020-01-17 18:14:59'),
(106, 37, '1098', NULL, 'Red Fox', 'ct', '4.00', NULL, '1.00', 'ID', '2020-01-17 18:14:59', '2020-01-17 18:14:59', 0, NULL, '2020-01-17 18:14:59'),
(107, 37, '1099', NULL, 'Silver Fox', 'ct', '1.00', NULL, '1.00', 'ID', '2020-01-17 18:14:59', '2020-01-17 18:14:59', 0, NULL, '2020-01-17 18:14:59'),
(108, 38, '1086', NULL, 'Red Fox', 'ct', '4.00', NULL, '1.00', 'ID', '2020-01-17 18:18:23', '2020-01-17 18:18:23', 0, NULL, '2020-01-17 18:18:23'),
(109, 38, '1088', NULL, 'Cross Fox', 'ct', '1.00', NULL, '1.00', 'ID', '2020-01-17 18:18:23', '2020-01-17 18:18:23', 0, NULL, '2020-01-17 18:18:23'),
(110, 38, '1087', NULL, 'Coyote', 'ct', '2.00', NULL, '1.00', 'ID', '2020-01-17 18:18:23', '2020-01-17 18:18:23', 0, NULL, '2020-01-17 18:18:23'),
(111, 38, '1089', NULL, 'Bobcat', 'ct', '3.00', NULL, '1.00', 'ID', '2020-01-17 18:18:23', '2020-01-17 18:18:23', 0, NULL, '2020-01-17 18:18:23'),
(112, 39, '1109', NULL, 'Coyote', 'ct', '59.00', NULL, '1.00', 'NV', '2020-01-17 18:29:49', '2020-01-17 18:29:49', 0, NULL, '2020-01-17 18:29:49'),
(113, 39, '1110', NULL, 'Coyote', 'ct', '1.00', NULL, '1.00', 'NV', '2020-01-17 18:29:49', '2020-01-17 18:29:49', 0, NULL, '2020-01-17 18:29:49'),
(114, 40, '1093', NULL, 'Coyote', 'ct', '3.00', NULL, '1.00', '', '2020-01-17 18:34:51', '2020-01-17 18:34:51', 0, NULL, '2020-01-17 18:34:51'),
(115, 42, '3091', NULL, 'domestic Rabbit', 'ct', '1.00', NULL, '0.50', 'ID', '2020-01-17 18:42:49', '2020-01-17 18:42:49', 0, NULL, '2020-01-17 18:42:49'),
(116, 42, '1085', NULL, 'Red Fox', 'ct', '2.00', NULL, '0.00', 'ID', '2020-01-17 18:42:49', '2020-01-17 18:42:49', 0, NULL, '2020-01-17 18:42:49'),
(117, 42, '2019', NULL, 'Muskrat', 'ct', '1.00', NULL, '1.00', 'ID', '2020-01-17 18:42:49', '2020-01-17 18:42:49', 0, NULL, '2020-01-17 18:42:49'),
(118, 42, '2020', NULL, 'Beaver', 'ct', '3.00', NULL, '1.00', 'ID', '2020-01-17 18:42:49', '2020-01-17 18:42:49', 0, NULL, '2020-01-17 18:42:49'),
(119, 45, '3090', NULL, 'Black cross mink', 'ct', '8.00', NULL, '224.00', 'UT', '2020-01-17 18:49:57', '2020-01-17 18:49:57', 0, NULL, '2020-01-17 18:49:57'),
(120, 47, '1107', NULL, 'Coyote', 'ct', '2.00', NULL, '1.00', 'MT', '2020-01-17 19:02:14', '2020-01-17 19:02:14', 0, NULL, '2020-01-17 19:02:14'),
(121, 44, '1090', NULL, 'Coyote', 'ct', '5.00', NULL, '1.00', 'ID', '2020-01-17 19:13:04', '2020-01-17 19:13:04', 0, NULL, '2020-01-17 19:13:04'),
(122, 44, '1091', NULL, 'Bobcat', 'ct', '5.00', NULL, '1.00', 'ID', '2020-01-17 19:13:04', '2020-01-17 19:13:04', 0, NULL, '2020-01-17 19:13:04'),
(123, 41, '1092', NULL, 'Coyote', 'ct', '7.00', NULL, '1.00', 'ID', '2020-01-17 19:17:49', '2020-01-17 19:17:49', 0, NULL, '2020-01-17 19:17:49'),
(124, 48, '1080', NULL, 'Coyote', 'ct', '4.00', NULL, '1.00', 'ID', '2020-01-17 19:21:29', '2020-01-17 19:21:29', 0, NULL, '2020-01-17 19:21:29'),
(125, 48, '1081', NULL, 'Badger', 'ct', '1.00', NULL, '1.00', 'ID', '2020-01-17 19:21:29', '2020-01-17 19:21:29', 0, NULL, '2020-01-17 19:21:29'),
(126, 49, '1078', NULL, 'Coyote', 'ct', '16.00', NULL, '1.00', 'ID', '2020-01-17 19:32:25', '2020-01-17 19:32:25', 0, NULL, '2020-01-17 19:32:25'),
(127, 49, '1079', NULL, 'Red Fox', 'ct', '10.00', NULL, '150.00', 'ID', '2020-01-17 19:32:25', '2020-01-17 19:32:25', 0, NULL, '2020-01-17 19:32:25'),
(128, 49, '2017', NULL, 'Raccoon', 'ct', '3.00', NULL, '1.00', 'ID', '2020-01-17 19:32:25', '2020-01-17 19:32:25', 0, NULL, '2020-01-17 19:32:25'),
(129, 49, '3088', NULL, 'Porky Hair', 'oz', '4.47', NULL, '1.00', 'ID', '2020-01-17 19:32:25', '2020-01-17 19:32:25', 0, NULL, '2020-01-17 19:32:25'),
(130, 50, '1116', NULL, 'Coyote', 'ct', '6.00', NULL, '1.00', 'ID', '2020-01-17 19:32:54', '2020-01-17 19:32:54', 0, NULL, '2020-01-17 19:32:54'),
(131, 50, '1115', NULL, 'Coyote', 'ct', '38.00', NULL, '1900.00', 'id', '2020-01-17 19:32:54', '2020-01-17 19:32:54', 0, NULL, '2020-01-17 19:32:54'),
(132, 52, '1076', NULL, 'Coyote', 'ct', '43.00', NULL, '1.00', 'ID', '2020-01-17 19:35:04', '2020-01-17 19:35:04', 0, NULL, '2020-01-17 19:35:04'),
(133, 52, '1077', NULL, 'Red Fox', 'ct', '9.00', NULL, '1.00', 'ID', '2020-01-17 19:35:04', '2020-01-17 19:35:04', 0, NULL, '2020-01-17 19:35:04'),
(134, 53, '1114', NULL, 'Coyote', 'ct', '5.00', NULL, '1.00', 'ID', '2020-01-17 19:35:52', '2020-01-17 19:35:52', 0, NULL, '2020-01-17 19:35:52'),
(135, 54, '1074', NULL, 'Red Fox', 'ct', '7.00', NULL, '1.00', 'ID', '2020-01-17 19:40:11', '2020-01-17 19:40:11', 0, NULL, '2020-01-17 19:40:11'),
(136, 54, '1075', NULL, 'Coyote', 'ct', '2.00', NULL, '1.00', 'ID', '2020-01-17 19:40:11', '2020-01-17 19:40:11', 0, NULL, '2020-01-17 19:40:11'),
(137, 54, '2015', NULL, 'Badger', 'ct', '1.00', NULL, '1.00', 'ID', '2020-01-17 19:40:11', '2020-01-17 19:40:11', 0, NULL, '2020-01-17 19:40:11'),
(138, 54, '2016', NULL, 'Beaver', 'ct', '3.00', NULL, '1.00', 'ID', '2020-01-17 19:40:11', '2020-01-17 19:40:11', 0, NULL, '2020-01-17 19:40:11'),
(139, 56, '1070', NULL, 'Fox', 'ct', '6.00', NULL, '1.00', 'ID', '2020-01-17 19:46:40', '2020-01-17 19:46:40', 0, NULL, '2020-01-17 19:46:40'),
(140, 56, '1071', NULL, 'Coyote', 'ct', '70.00', NULL, '7350.00', 'ID', '2020-01-17 19:46:40', '2020-01-17 19:46:40', 0, NULL, '2020-01-17 19:46:40'),
(141, 56, '1072', NULL, 'Coyote', 'ct', '1.00', NULL, '140.00', 'ID', '2020-01-17 19:46:40', '2020-01-17 19:46:40', 0, NULL, '2020-01-17 19:46:40'),
(142, 56, '1073', NULL, 'Coyote', 'ct', '1.00', NULL, '140.00', 'ID', '2020-01-17 19:46:40', '2020-01-17 19:46:40', 0, NULL, '2020-01-17 19:46:40'),
(143, 56, '3087', NULL, 'Porky Hair', 'oz', '4.52', NULL, '1.00', 'ID', '2020-01-17 19:46:40', '2020-01-17 19:46:40', 0, NULL, '2020-01-17 19:46:40'),
(144, 55, '1111', NULL, 'Coyote', 'ct', '1.00', NULL, '200.00', 'ID', '2020-01-17 19:49:04', '2020-01-17 19:49:04', 0, NULL, '2020-01-17 19:49:04'),
(145, 55, '1112', NULL, 'Coyote', 'ct', '4.00', NULL, '320.00', 'ID', '2020-01-17 19:49:04', '2020-01-17 19:49:04', 0, NULL, '2020-01-17 19:49:04'),
(146, 55, '1113', NULL, 'Coyote', 'ct', '18.00', NULL, '2250.00', 'ID', '2020-01-17 19:49:04', '2020-01-17 19:49:04', 0, NULL, '2020-01-17 19:49:04'),
(147, 57, '1068', NULL, 'Coyote', 'ct', '2.00', NULL, '200.00', 'ID', '2020-01-17 19:49:10', '2020-01-17 19:49:10', 0, NULL, '2020-01-17 19:49:10'),
(148, 57, '1069', NULL, 'Coyote', 'ct', '10.00', NULL, '693.37', 'ID', '2020-01-17 19:49:10', '2020-01-17 19:49:10', 0, NULL, '2020-01-17 19:49:10'),
(149, 58, '1035', NULL, 'Coyote', 'ct', '1.00', NULL, '1.00', 'AK', '2020-01-17 19:55:19', '2020-01-17 19:55:19', 0, NULL, '2020-01-17 19:55:19'),
(150, 58, '3006', NULL, 'Tanned Coyote', 'ct', '1.00', NULL, '1.00', '', '2020-01-17 19:55:19', '2020-01-17 19:55:19', 0, NULL, '2020-01-17 19:55:19'),
(151, 58, '3007', NULL, 'Tanned Red Fox', 'ct', '2.00', NULL, '1.00', '', '2020-01-17 19:55:19', '2020-01-17 19:55:19', 0, NULL, '2020-01-17 19:55:19'),
(152, 58, '3008', NULL, 'Tanned Marten', 'ct', '2.00', NULL, '1.00', '', '2020-01-17 19:55:19', '2020-01-17 19:55:19', 0, NULL, '2020-01-17 19:55:19'),
(153, 58, '3009', NULL, 'Tanned Skunk', 'ct', '1.00', NULL, '1.00', '', '2020-01-17 19:55:19', '2020-01-17 19:55:19', 0, NULL, '2020-01-17 19:55:19'),
(154, 58, '1036', NULL, 'Marten', 'ct', '2.00', NULL, '1.00', 'AK', '2020-01-17 19:55:19', '2020-01-17 19:55:19', 0, NULL, '2020-01-17 19:55:19'),
(155, 58, '1037', NULL, 'Marten', 'ct', '7.00', NULL, '1.00', 'AK', '2020-01-17 19:55:19', '2020-01-17 19:55:19', 0, NULL, '2020-01-17 19:55:19'),
(156, 58, '3010', NULL, 'Castor', 'lbs', '2.95', NULL, '1.00', 'AK', '2020-01-17 19:55:19', '2020-01-17 19:55:19', 0, NULL, '2020-01-17 19:55:19'),
(157, 59, '1066', NULL, 'Coyote', 'ct', '2.00', NULL, '20.00', 'ID', '2020-01-17 19:58:03', '2020-01-17 19:58:03', 0, NULL, '2020-01-17 19:58:03'),
(158, 59, '1067', NULL, 'Coyote', 'ct', '3.00', NULL, '150.00', 'ID', '2020-01-17 19:58:03', '2020-01-17 19:58:03', 0, NULL, '2020-01-17 19:58:03'),
(159, 59, '2012', NULL, 'Muskrat', 'ct', '2.00', NULL, '2.00', 'ID', '2020-01-17 19:58:03', '2020-01-17 19:58:03', 0, NULL, '2020-01-17 19:58:03'),
(160, 59, '2013', NULL, 'Raccoon', 'ct', '3.00', NULL, '10.00', 'ID', '2020-01-17 19:58:03', '2020-01-17 19:58:03', 0, NULL, '2020-01-17 19:58:03'),
(161, 59, '2014', NULL, 'Otter', 'ct', '2.00', NULL, '20.00', 'ID', '2020-01-17 19:58:03', '2020-01-17 19:58:03', 0, NULL, '2020-01-17 19:58:03'),
(162, 60, '1043', NULL, 'Coyote', 'ct', '6.00', NULL, '1.00', 'MT', '2020-01-17 19:58:55', '2020-01-17 19:58:55', 0, NULL, '2020-01-17 19:58:55'),
(163, 60, '3012', NULL, 'Porky Hair', 'oz', '9.80', NULL, '1.00', 'MT', '2020-01-17 19:58:55', '2020-01-17 19:58:55', 0, NULL, '2020-01-17 19:58:55'),
(164, 62, '1042', NULL, 'Coyote', 'ct', '6.00', NULL, '1.00', 'UT', '2020-01-17 20:00:55', '2020-01-17 20:00:55', 0, NULL, '2020-01-17 20:00:55'),
(165, 61, '1058', NULL, 'Coyote', 'ct', '12.00', NULL, '900.00', 'ID', '2020-01-17 20:02:36', '2020-01-17 20:02:36', 0, NULL, '2020-01-17 20:02:36'),
(166, 61, '1060', NULL, 'Coyote', 'ct', '5.00', NULL, '425.00', 'ID', '2020-01-17 20:02:36', '2020-01-17 20:02:36', 0, NULL, '2020-01-17 20:02:36'),
(167, 61, '1059', NULL, 'Red Fox', 'ct', '5.00', NULL, '65.00', 'ID', '2020-01-17 20:02:36', '2020-01-17 20:02:36', 0, NULL, '2020-01-17 20:02:36'),
(168, 64, '1130', NULL, 'Coyote', 'ct', '6.00', NULL, '1.00', 'ID', '2020-01-17 20:39:54', '2020-01-17 20:39:54', 0, NULL, '2020-01-17 20:39:54'),
(169, 64, '1129', NULL, 'Red Fox', 'ct', '2.00', NULL, '1.00', 'ID', '2020-01-17 20:39:54', '2020-01-17 20:39:54', 0, NULL, '2020-01-17 20:39:54'),
(170, 65, '1126', NULL, 'Marten', 'ct', '8.00', NULL, '1.00', 'ID', '2020-01-17 20:44:01', '2020-01-17 20:44:01', 0, NULL, '2020-01-17 20:44:01'),
(171, 65, '1127', NULL, 'Red Fox', 'ct', '3.00', NULL, '1.00', 'ID', '2020-01-17 20:44:01', '2020-01-17 20:44:01', 0, NULL, '2020-01-17 20:44:01'),
(172, 65, '1128', NULL, 'Coyote', 'ct', '3.00', NULL, '1.00', 'ID', '2020-01-17 20:44:01', '2020-01-17 20:44:01', 0, NULL, '2020-01-17 20:44:01'),
(173, 66, '1125', NULL, 'Coyote', 'ct', '37.00', NULL, '1.00', 'NV', '2020-01-17 20:47:33', '2020-01-17 20:47:33', 0, NULL, '2020-01-17 20:47:33'),
(174, 66, '1124', NULL, 'Red Fox', 'ct', '2.00', NULL, '1.00', 'NV', '2020-01-17 20:47:33', '2020-01-17 20:47:33', 0, NULL, '2020-01-17 20:47:33'),
(175, 63, '1061', NULL, 'Coyote', 'ct', '12.00', NULL, '1080.00', '120', '2020-01-17 20:51:27', '2020-01-17 20:51:27', 0, NULL, '2020-01-17 20:51:27'),
(176, 63, '1062', NULL, 'Coyote', 'ct', '3.00', NULL, '180.00', 'ID', '2020-01-17 20:51:27', '2020-01-17 20:51:27', 0, NULL, '2020-01-17 20:51:27'),
(177, 63, '1063', NULL, '', 'ct', '3.00', NULL, '136.00', 'ID', '2020-01-17 20:51:27', '2020-01-17 20:51:27', 0, NULL, '2020-01-17 20:51:27'),
(178, 63, '1064', NULL, 'Coyote', 'ct', '3.00', NULL, '120.00', 'ID', '2020-01-17 20:51:27', '2020-01-17 20:51:27', 0, NULL, '2020-01-17 20:51:27'),
(179, 63, '1065', NULL, 'Coyote', 'ct', '5.00', NULL, '300.00', 'ID', '2020-01-17 20:51:27', '2020-01-17 20:51:27', 0, NULL, '2020-01-17 20:51:27'),
(180, 67, '1122', NULL, 'Bobcat', 'ct', '1.00', NULL, '1.00', 'ID', '2020-01-17 20:52:35', '2020-01-17 20:52:35', 0, NULL, '2020-01-17 20:52:35'),
(181, 67, '1123', NULL, 'Coyote', 'ct', '2.00', NULL, '1.00', 'ID', '2020-01-17 20:52:35', '2020-01-17 20:52:35', 0, NULL, '2020-01-17 20:52:35'),
(182, 67, '2024', NULL, 'Mink', 'ct', '10.00', NULL, '1.00', 'ID', '2020-01-17 20:52:35', '2020-01-17 20:52:35', 0, NULL, '2020-01-17 20:52:35'),
(183, 67, '2025', NULL, 'Muskrat', 'ct', '4.00', NULL, '1.00', 'ID', '2020-01-17 20:52:35', '2020-01-17 20:52:35', 0, NULL, '2020-01-17 20:52:35'),
(184, 67, '2026', NULL, 'Rock Chuck', 'ct', '2.00', NULL, '2.00', 'ID', '2020-01-17 20:52:35', '2020-01-17 20:52:35', 0, NULL, '2020-01-17 20:52:35'),
(185, 67, '2027', NULL, 'Raccoon', 'ct', '1.00', NULL, '1.00', 'ID', '2020-01-17 20:52:35', '2020-01-17 20:52:35', 0, NULL, '2020-01-17 20:52:35'),
(186, 69, '1119', NULL, 'Coyote', 'ct', '14.00', NULL, '1.00', 'ID', '2020-01-17 20:55:09', '2020-01-17 20:55:09', 0, NULL, '2020-01-17 20:55:09'),
(187, 68, '1120', NULL, 'Coyote', 'ct', '75.00', NULL, '40.00', 'ID', '2020-01-17 20:56:55', '2020-01-17 20:56:55', 0, NULL, '2020-01-17 20:56:55'),
(188, 68, '1121', NULL, 'Coyote', 'ct', '4.00', NULL, '5.00', 'ID', '2020-01-17 20:56:55', '2020-01-17 20:56:55', 0, NULL, '2020-01-17 20:56:55'),
(189, 70, '1138', NULL, 'Coyote', 'ct', '13.00', NULL, '1.00', 'ID', '2020-01-17 21:01:00', '2020-01-17 21:01:00', 0, NULL, '2020-01-17 21:01:00'),
(190, 70, '1139', NULL, 'Coyote', 'ct', '6.00', NULL, '1.00', 'ID', '2020-01-17 21:01:00', '2020-01-17 21:01:00', 0, NULL, '2020-01-17 21:01:00'),
(191, 70, '3089', NULL, 'Tanned Coyote', 'ct', '11.00', NULL, '1.00', 'ID', '2020-01-17 21:01:00', '2020-01-17 21:01:00', 0, NULL, '2020-01-17 21:01:00'),
(192, 72, '1117', NULL, 'Red Fox', 'ct', '10.00', NULL, '1.00', 'id', '2020-01-17 21:02:56', '2020-01-17 21:02:56', 0, NULL, '2020-01-17 21:02:56'),
(193, 72, '1118', NULL, 'Coyote', 'ct', '10.00', NULL, '1.00', 'ID', '2020-01-17 21:02:56', '2020-01-17 21:02:56', 0, NULL, '2020-01-17 21:02:56'),
(194, 72, '2023', NULL, 'Raccoon', 'ct', '1.00', NULL, '1.00', 'ID', '2020-01-17 21:02:56', '2020-01-17 21:02:56', 0, NULL, '2020-01-17 21:02:56'),
(195, 73, '1132', NULL, 'Coyote', 'ct', '23.00', NULL, '1633.00', 'ID', '2020-01-17 21:11:51', '2020-01-17 21:11:51', 0, NULL, '2020-01-17 21:11:51'),
(196, 73, '1136', NULL, 'Coyote', 'ct', '6.00', NULL, '253.37', 'ID', '2020-01-17 21:11:51', '2020-01-17 21:11:51', 0, NULL, '2020-01-17 21:11:51'),
(197, 73, '1133', NULL, 'Marten', 'ct', '26.00', NULL, '65300.00', 'ID', '2020-01-17 21:11:51', '2020-01-17 21:11:51', 0, NULL, '2020-01-17 21:11:51'),
(198, 73, '1137', NULL, 'Marten', 'ct', '13.00', NULL, '21700.00', 'ID', '2020-01-17 21:11:51', '2020-01-17 21:11:51', 0, NULL, '2020-01-17 21:11:51'),
(199, 73, '1134', NULL, 'Red Fox', 'ct', '4.00', NULL, '100.00', 'ID', '2020-01-17 21:11:51', '2020-01-17 21:11:51', 0, NULL, '2020-01-17 21:11:51'),
(200, 73, '1131', NULL, 'Bobcat', 'ct', '1.00', NULL, '400.00', 'ID', '2020-01-17 21:11:51', '2020-01-17 21:11:51', 0, NULL, '2020-01-17 21:11:51'),
(201, 73, '1135', NULL, 'Bobcat', 'ct', '1.00', NULL, '250.00', 'ID', '2020-01-17 21:11:51', '2020-01-17 21:11:51', 0, NULL, '2020-01-17 21:11:51'),
(202, 74, '1140', NULL, 'Coyote', 'ct', '11.00', NULL, '1.00', 'MT', '2020-01-17 21:24:14', '2020-01-17 21:24:14', 0, NULL, '2020-01-17 21:24:14'),
(203, 74, '3094', NULL, 'Porky Hair', 'lbs', '1.10', NULL, '1.00', 'MT', '2020-01-17 21:24:14', '2020-01-17 21:24:14', 0, NULL, '2020-01-17 21:24:14'),
(204, 75, '1143', NULL, 'Coyote', 'ct', '39.00', NULL, '1.00', 'ID', '2020-01-17 21:28:43', '2020-01-17 21:28:43', 0, NULL, '2020-01-17 21:28:43'),
(205, 75, '1141', NULL, 'Bobcat', 'ct', '3.00', NULL, '1.00', 'ID', '2020-01-17 21:28:43', '2020-01-17 21:28:43', 0, NULL, '2020-01-17 21:28:43'),
(206, 75, '1142', NULL, 'Badger', 'ct', '2.00', NULL, '1.00', 'ID', '2020-01-17 21:28:43', '2020-01-17 21:28:43', 0, NULL, '2020-01-17 21:28:43'),
(207, 46, '3013', NULL, 'fox strecher', 'ct', '4.00', NULL, '20.00', 'ID', '2020-01-17 21:55:25', '2020-01-17 21:55:25', 0, NULL, '2020-01-17 21:55:25'),
(208, 46, '3014', NULL, 'coon stretcher', 'ct', '2.00', NULL, '10.00', 'id', '2020-01-17 21:55:25', '2020-01-17 21:55:25', 0, NULL, '2020-01-17 21:55:25'),
(209, 46, '3015', NULL, ' otter stretvher', 'ct', '1.00', NULL, '5.00', 'id', '2020-01-17 21:55:25', '2020-01-17 21:55:25', 0, NULL, '2020-01-17 21:55:25'),
(210, 46, '3016', NULL, 'coyote stretcher', 'ct', '3.00', NULL, '30.00', 'ID', '2020-01-17 21:55:25', '2020-01-17 21:55:25', 0, NULL, '2020-01-17 21:55:25'),
(211, 46, '3017', NULL, 'coyote stretcher', 'ct', '3.00', NULL, '30.00', 'ID', '2020-01-17 21:55:25', '2020-01-17 21:55:25', 0, NULL, '2020-01-17 21:55:25'),
(212, 46, '3018', NULL, 'coyote stretcher', 'ct', '3.00', NULL, '30.00', 'id', '2020-01-17 21:55:25', '2020-01-17 21:55:25', 0, NULL, '2020-01-17 21:55:25'),
(213, 46, '3019', NULL, 'coyote stretcher ', 'ct', '2.00', NULL, '20.00', 'ID', '2020-01-17 21:55:25', '2020-01-17 21:55:25', 0, NULL, '2020-01-17 21:55:25'),
(214, 46, '3020', NULL, 'coyote stretcher', 'ct', '2.00', NULL, '20.00', 'ID', '2020-01-17 21:55:25', '2020-01-17 21:55:25', 0, NULL, '2020-01-17 21:55:25'),
(215, 46, '3021', NULL, 'mink stretcher', 'ct', '2.00', NULL, '5.00', 'ID', '2020-01-17 21:55:25', '2020-01-17 21:55:25', 0, NULL, '2020-01-17 21:55:25'),
(216, 46, '3022', NULL, 'coon stretchers', 'ct', '2.00', NULL, '10.00', 'ID', '2020-01-17 21:55:25', '2020-01-17 21:55:25', 0, NULL, '2020-01-17 21:55:25'),
(217, 46, '3023', NULL, 'fox stretchers ', 'ct', '8.00', NULL, '45.00', 'ID', '2020-01-17 21:55:25', '2020-01-17 21:55:25', 0, NULL, '2020-01-17 21:55:25'),
(218, 46, '3024', NULL, 'rat stretchers', 'ct', '12.00', NULL, '18.00', 'id', '2020-01-17 21:55:25', '2020-01-17 21:55:25', 0, NULL, '2020-01-17 21:55:25'),
(219, 46, '3025', NULL, 'rat stretchers', 'ct', '12.00', NULL, '18.00', 'id', '2020-01-17 21:55:25', '2020-01-17 21:55:25', 0, NULL, '2020-01-17 21:55:25'),
(220, 46, '3026', NULL, 'rat stretchers', 'ct', '12.00', NULL, '18.00', 'id', '2020-01-17 21:55:25', '2020-01-17 21:55:25', 0, NULL, '2020-01-17 21:55:25'),
(221, 46, '3027', NULL, 'fur hangers', 'ct', '10.00', NULL, '30.00', 'id', '2020-01-17 21:55:25', '2020-01-17 21:55:25', 0, NULL, '2020-01-17 21:55:25'),
(222, 46, '3028', NULL, 'fleshing knife', 'ct', '1.00', NULL, '100.00', 'ID', '2020-01-17 21:55:25', '2020-01-17 21:55:25', 0, NULL, '2020-01-17 21:55:25'),
(223, 46, '3029', NULL, 'skinning knifes ', 'ct', '9.00', NULL, '1.00', 'ID', '2020-01-17 21:55:25', '2020-01-17 21:55:25', 0, NULL, '2020-01-17 21:55:25'),
(224, 46, '3030', NULL, 'fleshing knife ', 'ct', '1.00', NULL, '1.00', 'ID', '2020-01-17 21:55:25', '2020-01-17 21:55:25', 0, NULL, '2020-01-17 21:55:25'),
(225, 46, '3050', NULL, 'Traps', 'ct', '1.00', NULL, '1.00', '', '2020-01-17 21:55:25', '2020-01-17 21:55:25', 0, NULL, '2020-01-17 21:55:25'),
(226, 46, '3031', NULL, ' skinning gambrel', 'ct', '1.00', NULL, '5.00', 'id', '2020-01-17 21:55:25', '2020-01-17 21:55:25', 0, NULL, '2020-01-17 21:55:25'),
(227, 46, '3032 ', NULL, ' skinning gambrel', 'ct', '1.00', NULL, '5.00', 'id', '2020-01-17 21:55:25', '2020-01-17 21:55:25', 0, NULL, '2020-01-17 21:55:25'),
(228, 46, '3033', NULL, 'swivells', 'ct', '34.00', NULL, '10.00', 'id', '2020-01-17 21:55:25', '2020-01-17 21:55:25', 0, NULL, '2020-01-17 21:55:25'),
(229, 46, '3034', NULL, 'Swivels', 'ct', '38.00', NULL, '12.00', 'ID', '2020-01-17 21:55:25', '2020-01-17 21:55:25', 0, NULL, '2020-01-17 21:55:25'),
(230, 46, '3035', NULL, 'D Rings', 'ct', '17.00', NULL, '1.00', 'ID', '2020-01-17 21:55:25', '2020-01-17 21:55:25', 0, NULL, '2020-01-17 21:55:25'),
(231, 46, '3036', NULL, 'Tail Stripper/cutting guide', 'ct', '1.00', NULL, '8.00', 'ID', '2020-01-17 21:55:25', '2020-01-17 21:55:25', 0, NULL, '2020-01-17 21:55:25'),
(232, 46, '3037', NULL, 'Fleshing Tool', 'ct', '1.00', NULL, '1.00', 'ID', '2020-01-17 21:55:25', '2020-01-17 21:55:25', 0, NULL, '2020-01-17 21:55:25'),
(233, 46, '3038', NULL, 'MB550 Bedding Cap', 'ct', '1.00', NULL, '10.00', 'ID', '2020-01-17 21:55:25', '2020-01-17 21:55:25', 0, NULL, '2020-01-17 21:55:25'),
(234, 46, '3039', NULL, 'Snare Swivel', 'ct', '4.00', NULL, '1.00', 'ID', '2020-01-17 21:55:25', '2020-01-17 21:55:25', 0, NULL, '2020-01-17 21:55:25'),
(235, 46, '3040', NULL, 'Coil Spring Setters', 'ct', '1.00', NULL, '5.00', 'ID', '2020-01-17 21:55:25', '2020-01-17 21:55:25', 0, NULL, '2020-01-17 21:55:25'),
(236, 46, '3041', NULL, 'Fur Combs', 'ct', '3.00', NULL, '9.00', 'ID', '2020-01-17 21:55:25', '2020-01-17 21:55:25', 0, NULL, '2020-01-17 21:55:25'),
(237, 46, '3042', NULL, 'Dirt hole auger', 'ct', '1.00', NULL, '10.00', 'ID', '2020-01-17 21:55:25', '2020-01-17 21:55:25', 0, NULL, '2020-01-17 21:55:25'),
(238, 46, '3043', NULL, 'Trap Hardware', 'ct', '1.00', NULL, '1.00', 'ID', '2020-01-17 21:55:25', '2020-01-17 21:55:25', 0, NULL, '2020-01-17 21:55:25'),
(239, 46, '3044', NULL, 'S hook tool', 'ct', '1.00', NULL, '5.00', 'ID', '2020-01-17 21:55:25', '2020-01-17 21:55:25', 0, NULL, '2020-01-17 21:55:25'),
(240, 46, '3045', NULL, 'Coni Pans', 'ct', '6.00', NULL, '4.00', 'ID', '2020-01-17 21:55:25', '2020-01-17 21:55:25', 0, NULL, '2020-01-17 21:55:25'),
(241, 46, '3046', NULL, 'Spring Retainer', 'ct', '26.00', NULL, '1.00', 'ID', '2020-01-17 21:55:25', '2020-01-17 21:55:25', 0, NULL, '2020-01-17 21:55:25'),
(242, 46, '3047', NULL, 'Trap Dogs', 'ct', '4.00', NULL, '1.00', 'ID', '2020-01-17 21:55:25', '2020-01-17 21:55:25', 0, NULL, '2020-01-17 21:55:25'),
(243, 46, '3048', NULL, 'spring pins', 'ct', '13.00', NULL, '1.00', 'id', '2020-01-17 21:55:25', '2020-01-17 21:55:25', 0, NULL, '2020-01-17 21:55:25'),
(244, 46, '3049', NULL, 'swivels ', 'ct', '108.00', NULL, '10.00', 'id', '2020-01-17 21:55:25', '2020-01-17 21:55:25', 0, NULL, '2020-01-17 21:55:25'),
(245, 46, '3051', NULL, 'trap pans', 'ct', '5.00', NULL, '1.00', 'id', '2020-01-17 21:59:21', '2020-01-17 21:59:21', 0, NULL, '2020-01-17 21:59:21'),
(246, 46, '3052', NULL, 'S hooks', 'ct', '65.00', NULL, '5.00', 'ID', '2020-01-17 21:59:21', '2020-01-17 21:59:21', 0, NULL, '2020-01-17 21:59:21'),
(247, 46, '3053', NULL, 'j hooks ', 'ct', '76.00', NULL, '10.00', 'id', '2020-01-17 21:59:21', '2020-01-17 21:59:21', 0, NULL, '2020-01-17 21:59:21'),
(248, 46, '3054', NULL, 'swivels', 'ct', '85.00', NULL, '30.00', 'id', '2020-01-17 21:59:21', '2020-01-17 21:59:21', 0, NULL, '2020-01-17 21:59:21'),
(249, 46, '3055', NULL, 'stakes', 'ct', '33.00', NULL, '1.00', '', '2020-01-17 21:59:21', '2020-01-17 21:59:21', 0, NULL, '2020-01-17 21:59:21'),
(250, 46, '3056', NULL, 'trap dogs', 'ct', '8.00', NULL, '5.00', 'ID', '2020-01-17 21:59:21', '2020-01-17 21:59:21', 0, NULL, '2020-01-17 21:59:21'),
(251, 46, '3057', NULL, 'trap tester ', 'ct', '1.00', NULL, '1.00', 'id', '2020-01-17 21:59:21', '2020-01-17 21:59:21', 0, NULL, '2020-01-17 21:59:21'),
(252, 46, '3058', NULL, 'chain', 'ct', '1.00', NULL, '1.00', 'ID', '2020-01-17 21:59:21', '2020-01-17 21:59:21', 0, NULL, '2020-01-17 21:59:21'),
(253, 46, '3059', NULL, 'newspaper tubes ', 'ct', '10.00', NULL, '20.00', '', '2020-01-17 21:59:21', '2020-01-17 21:59:21', 0, NULL, '2020-01-17 21:59:21'),
(254, 46, '3060', NULL, 'newspaper tubes ', 'ct', '10.00', NULL, '30.00', '', '2020-01-17 21:59:21', '2020-01-17 21:59:21', 0, NULL, '2020-01-17 21:59:21'),
(255, 46, '3061', NULL, 'Traps', 'ct', '2.00', NULL, '3.00', '', '2020-01-17 22:00:20', '2020-01-17 22:00:20', 0, NULL, '2020-01-17 22:00:20'),
(256, 46, '3062', NULL, 'Traps', 'ct', '2.00', NULL, '3.00', '', '2020-01-17 22:00:20', '2020-01-17 22:00:20', 0, NULL, '2020-01-17 22:00:20'),
(258, 46, '3063', NULL, 'Traps', 'ct', '1.00', NULL, '2.50', '', '2020-01-17 22:08:21', '2020-01-17 22:08:21', 0, NULL, '2020-01-17 22:08:21'),
(259, 46, '3064', NULL, 'Traps', 'ct', '5.00', NULL, '5.00', '', '2020-01-17 22:08:21', '2020-01-17 22:08:21', 0, NULL, '2020-01-17 22:08:21'),
(260, 46, '3065', NULL, 'Traps', 'ct', '1.00', NULL, '2.00', '', '2020-01-17 22:08:21', '2020-01-17 22:08:21', 0, NULL, '2020-01-17 22:08:21'),
(261, 46, '3066', NULL, 'Traps', 'ct', '12.00', NULL, '20.00', '', '2020-01-17 22:08:21', '2020-01-17 22:08:21', 0, NULL, '2020-01-17 22:08:21'),
(262, 46, '3067', NULL, 'Traps', 'ct', '10.00', NULL, '20.00', '', '2020-01-17 22:08:21', '2020-01-17 22:08:21', 0, NULL, '2020-01-17 22:08:21'),
(263, 46, '3068', NULL, 'Traps', 'ct', '12.00', NULL, '20.00', '', '2020-01-17 22:08:21', '2020-01-17 22:08:21', 0, NULL, '2020-01-17 22:08:21'),
(264, 46, '3069', NULL, 'Traps', 'ct', '12.00', NULL, '90.00', '', '2020-01-17 22:08:21', '2020-01-17 22:08:21', 0, NULL, '2020-01-17 22:08:21'),
(265, 46, '3070', NULL, 'Traps', 'ct', '12.00', NULL, '30.00', '', '2020-01-17 22:08:21', '2020-01-17 22:08:21', 0, NULL, '2020-01-17 22:08:21'),
(266, 46, '3071', NULL, 'Traps', 'ct', '12.00', NULL, '30.00', '', '2020-01-17 22:08:21', '2020-01-17 22:08:21', 0, NULL, '2020-01-17 22:08:21'),
(267, 46, '3072', NULL, 'Traps', 'ct', '12.00', NULL, '30.00', '', '2020-01-17 22:08:21', '2020-01-17 22:08:21', 0, NULL, '2020-01-17 22:08:21'),
(268, 46, '3073', NULL, 'Traps', 'ct', '12.00', NULL, '30.00', '', '2020-01-17 22:08:21', '2020-01-17 22:08:21', 0, NULL, '2020-01-17 22:08:21'),
(269, 46, '3074', NULL, 'Traps', 'ct', '5.00', NULL, '12.50', '', '2020-01-17 22:08:21', '2020-01-17 22:08:21', 0, NULL, '2020-01-17 22:08:21'),
(270, 46, '3075', NULL, 'Traps', 'ct', '20.00', NULL, '35.00', '', '2020-01-17 22:08:21', '2020-01-17 22:08:21', 0, NULL, '2020-01-17 22:08:21'),
(271, 46, '3076', NULL, 'newspaper tubes ', 'ct', '10.00', NULL, '20.00', '', '2020-01-17 22:08:21', '2020-01-17 22:08:21', 0, NULL, '2020-01-17 22:08:21'),
(272, 46, '3077', NULL, 'newspaper tubes ', 'ct', '10.00', NULL, '30.00', '', '2020-01-17 22:08:21', '2020-01-17 22:08:21', 0, NULL, '2020-01-17 22:08:21'),
(273, 46, '3078', NULL, 'newspaper tubes ', 'ct', '9.00', NULL, '30.00', '', '2020-01-17 22:08:21', '2020-01-17 22:08:21', 0, NULL, '2020-01-17 22:08:21'),
(274, 46, '3079', NULL, 'Traps', 'ct', '6.00', NULL, '15.00', '', '2020-01-17 22:08:21', '2020-01-17 22:08:21', 0, NULL, '2020-01-17 22:08:21'),
(275, 46, '3080', NULL, 'Traps', 'ct', '1.00', NULL, '3.00', '', '2020-01-17 22:08:21', '2020-01-17 22:08:21', 0, NULL, '2020-01-17 22:08:21'),
(276, 46, '3081', NULL, 'Traps', 'ct', '4.00', NULL, '12.00', '', '2020-01-17 22:08:21', '2020-01-17 22:08:21', 0, NULL, '2020-01-17 22:08:21'),
(277, 76, '1146', NULL, 'Coyote', 'ct', '10.00', NULL, '500.00', 'WA', '2020-01-17 22:16:05', '2020-01-17 22:16:05', 0, NULL, '2020-01-17 22:16:05'),
(278, 76, '1147', NULL, 'Coyote', 'ct', '4.00', NULL, '360.00', 'WA', '2020-01-17 22:16:05', '2020-01-17 22:16:05', 0, NULL, '2020-01-17 22:16:05'),
(279, 77, '1144', NULL, 'Coyote', 'ct', '11.00', NULL, '1.00', 'ID', '2020-01-17 22:18:59', '2020-01-17 22:18:59', 0, NULL, '2020-01-17 22:18:59'),
(280, 77, '2028', NULL, 'Ermine', 'ct', '1.00', NULL, '1.00', 'ID', '2020-01-17 22:18:59', '2020-01-17 22:18:59', 0, NULL, '2020-01-17 22:18:59'),
(281, 77, '1145', NULL, 'Red Fox', 'ct', '1.00', NULL, '1.00', 'ID', '2020-01-17 22:18:59', '2020-01-17 22:18:59', 0, NULL, '2020-01-17 22:18:59'),
(282, 77, '2029', NULL, 'Badger', 'ct', '4.00', NULL, '1.00', 'ID', '2020-01-17 22:18:59', '2020-01-17 22:18:59', 0, NULL, '2020-01-17 22:18:59'),
(283, 78, '1151', NULL, 'Bobcat', 'ct', '2.00', NULL, '1.00', 'MT', '2020-01-17 22:32:08', '2020-01-17 22:32:08', 0, NULL, '2020-01-17 22:32:08'),
(284, 78, '1152', NULL, 'Coyote', 'ct', '2.00', NULL, '1.00', 'MT', '2020-01-17 22:32:08', '2020-01-17 22:32:08', 0, NULL, '2020-01-17 22:32:08'),
(285, 78, '1153', NULL, 'Bobcat', 'ct', '3.00', NULL, '1.00', 'MT', '2020-01-17 22:32:08', '2020-01-17 22:32:08', 0, NULL, '2020-01-17 22:32:08'),
(286, 78, '1154', NULL, 'Bobcat', 'ct', '1.00', NULL, '1.00', 'MT', '2020-01-17 22:32:08', '2020-01-17 22:32:08', 0, NULL, '2020-01-17 22:32:08'),
(287, 79, '1149', NULL, 'Coyote', 'ct', '8.00', NULL, '1.00', 'MT', '2020-01-17 22:36:35', '2020-01-17 22:36:35', 0, NULL, '2020-01-17 22:36:35'),
(290, 79, '1155', NULL, 'Bobcat', 'ct', '3.00', NULL, '350.00', 'MT', '2020-01-17 22:55:00', '2020-01-17 22:55:00', 0, NULL, '2020-01-17 22:55:00'),
(291, 79, '1148', NULL, 'Bobcat', 'ct', '1.00', NULL, '150.00', 'MT', '2020-01-17 22:55:00', '2020-01-17 22:55:00', 0, NULL, '2020-01-17 22:55:00'),
(292, 80, '1156', NULL, 'Coyote', 'ct', '7.00', NULL, '1.00', 'ID', '2020-01-17 23:03:13', '2020-01-17 23:03:13', 0, NULL, '2020-01-17 23:03:13'),
(293, 80, '1157', NULL, 'Coyote', 'ct', '2.00', NULL, '1.00', 'ID', '2020-01-17 23:03:13', '2020-01-17 23:03:13', 0, NULL, '2020-01-17 23:03:13'),
(294, 80, '1158', NULL, 'Coyote', 'ct', '8.00', NULL, '1.00', 'ID', '2020-01-17 23:03:13', '2020-01-17 23:03:13', 0, NULL, '2020-01-17 23:03:13'),
(295, 80, '1159', NULL, 'Bobcat', 'ct', '1.00', NULL, '400.00', 'ID', '2020-01-17 23:03:13', '2020-01-17 23:03:13', 0, NULL, '2020-01-17 23:03:13'),
(297, 80, '1161', NULL, 'Bobcat', 'ct', '1.00', NULL, '400.00', 'ID', '2020-01-17 23:03:13', '2020-01-17 23:03:13', 0, NULL, '2020-01-17 23:03:13'),
(299, 80, '1163', NULL, 'Bobcat', 'ct', '1.00', NULL, '90.00', 'ID', '2020-01-17 23:03:13', '2020-01-17 23:03:13', 0, NULL, '2020-01-17 23:03:13'),
(300, 80, '1164', NULL, 'Red Fox', 'ct', '4.00', NULL, '1.00', 'ID', '2020-01-17 23:03:13', '2020-01-17 23:03:13', 0, NULL, '2020-01-17 23:03:13'),
(301, 80, '1165', NULL, 'Marten', 'ct', '5.00', NULL, '1.00', 'ID', '2020-01-17 23:03:13', '2020-01-17 23:03:13', 0, NULL, '2020-01-17 23:03:13'),
(302, 81, '1166', NULL, 'Red Fox', 'ct', '19.00', NULL, '1.00', 'ID', '2020-01-17 23:08:42', '2020-01-17 23:08:42', 0, NULL, '2020-01-17 23:08:42'),
(303, 81, '2030', NULL, 'skunks', 'ct', '2.00', NULL, '1.00', 'ID', '2020-01-17 23:08:42', '2020-01-17 23:08:42', 0, NULL, '2020-01-17 23:08:42'),
(304, 81, '2031', NULL, 'Muskrat', 'ct', '2.00', NULL, '1.00', 'ID', '2020-01-17 23:08:42', '2020-01-17 23:08:42', 0, NULL, '2020-01-17 23:08:42'),
(305, 81, '1167', NULL, 'Coyote', 'ct', '15.00', NULL, '1.00', 'ID', '2020-01-17 23:08:42', '2020-01-17 23:08:42', 0, NULL, '2020-01-17 23:08:42'),
(308, 82, '3096', NULL, 'Cougar', 'ct', '1.00', NULL, '1.00', 'ID', '2020-01-17 23:51:44', '2020-01-17 23:51:44', 0, NULL, '2020-01-17 23:51:44'),
(309, 82, '3097', NULL, 'bear', 'ct', '1.00', NULL, '1.00', '', '2020-01-17 23:53:35', '2020-01-17 23:53:35', 0, NULL, '2020-01-17 23:53:35'),
(310, 84, '1179', NULL, 'Bobcat', 'ct', '6.00', NULL, '1.00', '2400', '2020-01-17 23:59:13', '2020-01-17 23:59:13', 0, NULL, '2020-01-17 23:59:13'),
(311, 83, '1171', NULL, 'Coyote', 'ct', '2.00', NULL, '160.00', 'ID', '2020-01-18 00:14:48', '2020-01-18 00:14:48', 0, NULL, '2020-01-18 00:14:48'),
(312, 83, '1173', NULL, 'Coyote', 'ct', '4.00', NULL, '280.00', 'ID', '2020-01-18 00:14:48', '2020-01-18 00:14:48', 0, NULL, '2020-01-18 00:14:48'),
(313, 83, '1172', NULL, 'Red Fox', 'ct', '1.00', NULL, '30.00', 'ID', '2020-01-18 00:14:48', '2020-01-18 00:14:48', 0, NULL, '2020-01-18 00:14:48'),
(314, 83, '1175', NULL, 'Bobcat', 'ct', '1.00', NULL, '400.00', 'ID', '2020-01-18 00:14:48', '2020-01-18 00:14:48', 0, NULL, '2020-01-18 00:14:48'),
(315, 83, '1174', NULL, 'Bobcat', 'ct', '1.00', NULL, '450.00', 'ID', '2020-01-18 00:14:48', '2020-01-18 00:14:48', 0, NULL, '2020-01-18 00:14:48'),
(316, 83, '1176', NULL, 'Bobcat', 'ct', '1.00', NULL, '350.00', 'ID', '2020-01-18 00:14:48', '2020-01-18 00:14:48', 0, NULL, '2020-01-18 00:14:48'),
(317, 83, '1177', NULL, 'Bobcat', 'ct', '1.00', NULL, '1000.00', 'ID', '2020-01-18 00:14:48', '2020-01-18 00:14:48', 0, NULL, '2020-01-18 00:14:48'),
(318, 83, '1178', NULL, 'Bobcat', 'ct', '1.00', NULL, '300.00', 'ID', '2020-01-18 00:14:48', '2020-01-18 00:14:48', 0, NULL, '2020-01-18 00:14:48'),
(319, 83, '3098', NULL, 'Mtn. Lion', 'ct', '1.00', NULL, '100.00', 'ID', '2020-01-18 00:14:48', '2020-01-18 00:14:48', 0, NULL, '2020-01-18 00:14:48'),
(320, 85, '1183', NULL, 'Coyote', 'ct', '18.00', NULL, '1.00', '', '2020-01-18 00:34:32', '2020-01-18 00:34:32', 0, NULL, '2020-01-18 00:34:32'),
(321, 86, '1184', NULL, 'Coyote', 'ct', '7.00', NULL, '1.00', 'ID', '2020-01-18 00:51:43', '2020-01-18 00:51:43', 0, NULL, '2020-01-18 00:51:43'),
(322, 86, '1185', NULL, 'Red Fox', 'ct', '1.00', NULL, '1.00', 'ID', '2020-01-18 00:51:43', '2020-01-18 00:51:43', 0, NULL, '2020-01-18 00:51:43'),
(323, 87, '1187', NULL, 'Coyote', 'ct', '32.00', NULL, '3055.00', 'ID', '2020-01-18 04:51:23', '2020-01-18 04:51:23', 0, NULL, '2020-01-18 04:51:23'),
(324, 87, '1188', NULL, 'Cross Fox', 'ct', '3.00', NULL, '140.00', 'ID', '2020-01-18 04:51:23', '2020-01-18 04:51:23', 0, NULL, '2020-01-18 04:51:23'),
(325, 87, '1189', NULL, 'Marten', 'ct', '16.00', NULL, '341.00', 'ID', '2020-01-18 04:51:23', '2020-01-18 04:51:23', 0, NULL, '2020-01-18 04:51:23'),
(326, 87, '3099', NULL, 'Antlers', 'lbs', '15.55', NULL, '210.00', 'ID', '2020-01-18 04:51:23', '2020-01-18 04:51:23', 0, NULL, '2020-01-18 04:51:23'),
(327, 87, '3100', NULL, 'Antlers', 'lbs', '18.55', NULL, '144.00', 'ID', '2020-01-18 04:51:23', '2020-01-18 04:51:23', 0, NULL, '2020-01-18 04:51:23'),
(328, 87, '3101', NULL, 'Castor', 'lbs', '1.85', NULL, '1.00', 'ID', '2020-01-18 04:51:23', '2020-01-18 04:51:23', 0, NULL, '2020-01-18 04:51:23'),
(329, 88, '1180', NULL, 'Coyote', 'ct', '8.00', NULL, '700.00', 'ID', '2020-01-18 14:59:17', '2020-01-18 14:59:17', 0, NULL, '2020-01-18 14:59:17'),
(330, 88, '1182', NULL, 'Red Fox', 'ct', '2.00', NULL, '30.00', 'ID', '2020-01-18 14:59:17', '2020-01-18 14:59:17', 0, NULL, '2020-01-18 14:59:17'),
(331, 88, '1181', NULL, 'Bobcat', 'ct', '2.00', NULL, '800.00', 'ID', '2020-01-18 14:59:17', '2020-01-18 14:59:17', 0, NULL, '2020-01-18 14:59:17'),
(332, 89, '1168', NULL, 'Coyote', 'ct', '33.00', NULL, '1.00', 'ID', '2020-01-18 15:03:58', '2020-01-18 15:03:58', 0, NULL, '2020-01-18 15:03:58'),
(333, 89, '1170', NULL, 'Coyote', 'ct', '1.00', NULL, '1.00', 'ID', '2020-01-18 15:03:58', '2020-01-18 15:03:58', 0, NULL, '2020-01-18 15:03:58'),
(334, 89, '1169', NULL, 'Bobcat', 'ct', '1.00', NULL, '1.00', 'ID', '2020-01-18 15:03:58', '2020-01-18 15:03:58', 0, NULL, '2020-01-18 15:03:58'),
(335, 89, '3095', NULL, 'Bear', 'ct', '1.00', NULL, '1.00', 'ID', '2020-01-18 15:03:58', '2020-01-18 15:03:58', 0, NULL, '2020-01-18 15:03:58'),
(336, 90, '2032', NULL, 'Otter', 'ct', '1.00', NULL, '1.00', '', '2020-01-18 15:07:29', '2020-01-18 15:07:29', 0, NULL, '2020-01-18 15:07:29'),
(337, 91, '1197', NULL, 'Coyote', 'ct', '9.00', NULL, '1.00', 'ID', '2020-01-18 15:08:39', '2020-01-18 15:08:39', 0, NULL, '2020-01-18 15:08:39'),
(338, 92, '1199', NULL, 'Coyote', 'ct', '6.00', NULL, '1.00', '', '2020-01-18 15:32:35', '2020-01-18 15:32:35', 0, NULL, '2020-01-18 15:32:35'),
(339, 93, '1198', NULL, 'Coyote', 'ct', '31.00', NULL, '1.00', 'ID', '2020-01-18 15:47:46', '2020-01-18 15:47:46', 0, NULL, '2020-01-18 15:47:46'),
(341, 94, '1191', NULL, 'Coyote', 'ct', '4.00', NULL, '92.50', 'ID', '2020-01-18 15:59:40', '2020-01-18 15:59:40', 0, NULL, '2020-01-18 15:59:40'),
(342, 94, '1192', NULL, 'Coyote', 'ct', '16.00', NULL, '1460.00', 'ID', '2020-01-18 15:59:40', '2020-01-18 15:59:40', 0, NULL, '2020-01-18 15:59:40'),
(343, 94, '1193', NULL, 'Bobcat', 'ct', '1.00', NULL, '365.00', 'ID', '2020-01-18 15:59:40', '2020-01-18 15:59:40', 0, NULL, '2020-01-18 15:59:40'),
(344, 79, '1150', NULL, 'Coyote', 'ct', '1.00', NULL, '1.00', 'ID', '2020-01-18 16:05:30', '2020-01-18 16:05:30', 0, NULL, '2020-01-18 16:05:30'),
(345, 96, '1203', NULL, 'Coyote', 'ct', '3.00', NULL, '1.00', '', '2020-01-18 16:14:12', '2020-01-18 16:14:12', 0, NULL, '2020-01-18 16:14:12'),
(346, 97, '1200', NULL, 'Coyote', 'ct', '47.00', NULL, '3100.00', 'id', '2020-01-18 16:17:47', '2020-01-18 16:17:47', 0, NULL, '2020-01-18 16:17:47'),
(347, 97, '1201', NULL, 'Bobcat', 'ct', '1.00', NULL, '310.00', 'ID', '2020-01-18 16:17:47', '2020-01-18 16:17:47', 0, NULL, '2020-01-18 16:17:47'),
(348, 97, '1202', NULL, 'Bobcat', 'ct', '1.00', NULL, '310.00', 'ID', '2020-01-18 16:17:47', '2020-01-18 16:17:47', 0, NULL, '2020-01-18 16:17:47'),
(349, 98, '1204', NULL, 'Coyote', 'ct', '2.00', NULL, '1.00', 'ID', '2020-01-18 16:24:21', '2020-01-18 16:24:21', 0, NULL, '2020-01-18 16:24:21'),
(350, 94, '2033', NULL, 'Otter', 'ct', '3.00', NULL, '130.00', 'id', '2020-01-18 16:32:30', '2020-01-18 16:32:30', 0, NULL, '2020-01-18 16:32:30'),
(351, 94, '2034', NULL, 'rockchuck', 'ct', '4.00', NULL, '52.00', 'ID', '2020-01-18 16:32:30', '2020-01-18 16:32:30', 0, NULL, '2020-01-18 16:32:30'),
(352, 94, '3102', NULL, 'Mink', 'ct', '7.00', NULL, '66.50', 'id', '2020-01-18 16:32:30', '2020-01-18 16:32:30', 0, NULL, '2020-01-18 16:32:30'),
(353, 94, '2035', NULL, 'Skunk', 'ct', '21.00', NULL, '307.50', 'id', '2020-01-18 16:32:30', '2020-01-18 16:32:30', 0, NULL, '2020-01-18 16:32:30'),
(354, 94, '2036', NULL, 'Raccoon', 'ct', '5.00', NULL, '61.00', 'ID', '2020-01-18 16:32:30', '2020-01-18 16:32:30', 0, NULL, '2020-01-18 16:32:30'),
(355, 94, '2037', NULL, 'Raccoon', 'ct', '4.00', NULL, '14.50', '', '2020-01-18 16:43:11', '2020-01-18 16:43:11', 0, NULL, '2020-01-18 16:43:11'),
(356, 94, '3103', NULL, 'metal stretchers', 'ct', '22.00', NULL, '66.00', '', '2020-01-18 16:43:11', '2020-01-18 16:43:11', 0, NULL, '2020-01-18 16:43:11'),
(357, 94, '3104', NULL, 'metal stretchers', 'ct', '24.00', NULL, '72.00', '', '2020-01-18 16:43:11', '2020-01-18 16:43:11', 0, NULL, '2020-01-18 16:43:11'),
(358, 94, '3105', NULL, 'mink stretchers', 'ct', '4.00', NULL, '12.00', '', '2020-01-18 16:43:11', '2020-01-18 16:43:11', 0, NULL, '2020-01-18 16:43:11'),
(359, 94, '3106', NULL, 'coyote stretchers', 'ct', '5.00', NULL, '40.00', '', '2020-01-18 16:43:11', '2020-01-18 16:43:11', 0, NULL, '2020-01-18 16:43:11'),
(360, 94, '3107', NULL, 'bobcat claws', 'ct', '370.00', NULL, '148.00', '', '2020-01-18 16:43:11', '2020-01-18 16:43:11', 0, NULL, '2020-01-18 16:43:11'),
(361, 94, '3108', NULL, 'bobcat claws ', 'ct', '260.00', NULL, '104.00', '', '2020-01-18 16:43:11', '2020-01-18 16:43:11', 0, NULL, '2020-01-18 16:43:11'),
(362, 94, '3109', NULL, 'Porky Claws', 'ct', '384.00', NULL, '154.80', '', '2020-01-18 16:43:11', '2020-01-18 16:43:11', 0, NULL, '2020-01-18 16:43:11'),
(363, 94, '3110', NULL, 'Traps', 'ct', '12.00', NULL, '78.00', '', '2020-01-18 16:43:11', '2020-01-18 16:43:11', 0, NULL, '2020-01-18 16:43:11'),
(364, 94, '3111', NULL, 'Traps', 'ct', '6.00', NULL, '39.00', '', '2020-01-18 16:43:11', '2020-01-18 16:43:11', 0, NULL, '2020-01-18 16:43:11'),
(365, 94, '3112', NULL, 'Traps', 'ct', '5.00', NULL, '32.50', '', '2020-01-18 16:43:11', '2020-01-18 16:43:11', 0, NULL, '2020-01-18 16:43:11'),
(366, 94, '3113', NULL, 'Traps', 'ct', '5.00', NULL, '30.00', '', '2020-01-18 16:43:11', '2020-01-18 16:43:11', 0, NULL, '2020-01-18 16:43:11'),
(367, 94, '3114', NULL, 'Traps', 'ct', '4.00', NULL, '24.00', '', '2020-01-18 16:43:11', '2020-01-18 16:43:11', 0, NULL, '2020-01-18 16:43:11'),
(368, 94, '3115', NULL, 'Traps', 'ct', '3.00', NULL, '18.00', '', '2020-01-18 16:43:11', '2020-01-18 16:43:11', 0, NULL, '2020-01-18 16:43:11'),
(369, 94, '3116', NULL, 'Traps', 'ct', '4.00', NULL, '24.00', '', '2020-01-18 16:43:11', '2020-01-18 16:43:11', 0, NULL, '2020-01-18 16:43:11'),
(370, 13, '3011', NULL, 'Castor', 'oz', '3.20', NULL, '1.00', '', '2020-01-18 16:52:25', '2020-01-18 16:52:25', 0, NULL, '2020-01-18 16:52:25');
INSERT INTO `seller_item` (`id`, `seller_id`, `lot`, `type`, `item`, `unit_of_measure`, `count`, `tag_id`, `asking`, `origin_state`, `bid_start`, `bid_end`, `sale_made`, `seller_item`, `date_created`) VALUES
(371, 99, '1205', NULL, 'Coyote', 'ct', '3.00', NULL, '1.00', '', '2020-01-18 16:53:10', '2020-01-18 16:53:10', 0, NULL, '2020-01-18 16:53:10'),
(372, 100, '1186', NULL, 'Bobcat', 'ct', '1.00', NULL, '400.00', 'ID', '2020-01-18 16:57:07', '2020-01-18 16:57:07', 0, NULL, '2020-01-18 16:57:07'),
(373, 100, '1208', NULL, 'Coyote', 'ct', '3.00', NULL, '1.00', '', '2020-01-18 16:57:07', '2020-01-18 16:57:07', 0, NULL, '2020-01-18 16:57:07'),
(374, 100, '1209', NULL, 'Red Fox', 'ct', '2.00', NULL, '1.00', '', '2020-01-18 16:57:07', '2020-01-18 16:57:07', 0, NULL, '2020-01-18 16:57:07'),
(375, 94, '1190', NULL, 'Coyote', 'ct', '15.00', NULL, '1247.00', '', '2020-01-18 16:58:34', '2020-01-18 16:58:34', 0, NULL, '2020-01-18 16:58:34'),
(376, 101, '1206', NULL, 'Red Fox', 'ct', '1.00', NULL, '1.00', '', '2020-01-18 17:04:03', '2020-01-18 17:04:03', 0, NULL, '2020-01-18 17:04:03'),
(377, 101, '1207', NULL, 'Coyote', 'ct', '5.00', NULL, '1.00', '', '2020-01-18 17:04:03', '2020-01-18 17:04:03', 0, NULL, '2020-01-18 17:04:03'),
(378, 101, '2038', NULL, 'Beaver', 'ct', '5.00', NULL, '1.00', '', '2020-01-18 17:04:03', '2020-01-18 17:04:03', 0, NULL, '2020-01-18 17:04:03'),
(379, 101, '2039', NULL, 'Muskrat', 'ct', '60.00', NULL, '1.00', '', '2020-01-18 17:04:03', '2020-01-18 17:04:03', 0, NULL, '2020-01-18 17:04:03'),
(380, 102, '3119', NULL, 'Fennel', 'oz', '5.00', NULL, '1.00', '', '2020-01-18 17:12:36', '2020-01-18 17:12:36', 0, NULL, '2020-01-18 17:12:36'),
(381, 102, '3120', NULL, 'Fennel', 'oz', '5.00', NULL, '1.00', '', '2020-01-18 17:12:36', '2020-01-18 17:12:36', 0, NULL, '2020-01-18 17:12:36'),
(382, 102, '3121', NULL, 'Fennel', 'oz', '5.00', NULL, '1.00', '', '2020-01-18 17:12:36', '2020-01-18 17:12:36', 0, NULL, '2020-01-18 17:12:36'),
(383, 102, '3122', NULL, 'Fennel', 'oz', '5.00', NULL, '1.00', '', '2020-01-18 17:12:36', '2020-01-18 17:12:36', 0, NULL, '2020-01-18 17:12:36'),
(384, 80, '1160', NULL, 'Bobcat', 'ct', '1.00', NULL, '400.00', 'ID', '2020-01-18 17:17:13', '2020-01-18 17:17:13', 0, NULL, '2020-01-18 17:17:13'),
(385, 80, '1162', NULL, 'Bobcat', 'ct', '1.00', NULL, '400.00', 'ID', '2020-01-18 17:17:13', '2020-01-18 17:17:13', 0, NULL, '2020-01-18 17:17:13'),
(386, 23, '2018', NULL, 'bear', 'ct', '1.00', NULL, '1.00', '', '2020-01-18 18:21:55', '2020-01-18 18:21:55', 0, NULL, '2020-01-18 18:21:55'),
(387, 13, '2010', NULL, 'Muskrat', 'ct', '7.00', NULL, '1.00', '', '2020-01-18 18:24:09', '2020-01-18 18:24:09', 0, NULL, '2020-01-18 18:24:09'),
(388, 30, '3118', NULL, 'mounted elk antlers', 'ct', '1.00', NULL, '50.00', '', '2020-01-18 21:50:45', '2020-01-18 21:50:45', 0, NULL, '2020-01-18 21:50:45'),
(389, 103, '1014', NULL, 'Coyote', 'ct', '60.00', NULL, '1.00', '', '2020-01-19 15:33:57', '2020-01-19 15:33:57', 0, NULL, '2020-01-19 15:33:57'),
(390, 103, '1016', NULL, 'Coyote', 'ct', '108.00', NULL, '1.00', '', '2020-01-19 15:33:57', '2020-01-19 15:33:57', 0, NULL, '2020-01-19 15:33:57'),
(391, 103, '1018', NULL, 'Coyote', 'ct', '50.00', NULL, '1.00', '', '2020-01-19 15:33:57', '2020-01-19 15:33:57', 0, NULL, '2020-01-19 15:33:57'),
(392, 103, '1015', NULL, 'Bobcat', 'ct', '11.00', NULL, '1.00', '', '2020-01-19 15:33:57', '2020-01-19 15:33:57', 0, NULL, '2020-01-19 15:33:57'),
(393, 103, '1017', NULL, 'Bobcat', 'ct', '11.00', NULL, '1.00', '', '2020-01-19 15:33:57', '2020-01-19 15:33:57', 0, NULL, '2020-01-19 15:33:57'),
(394, 103, '1020', NULL, 'Grey Fox', 'ct', '31.00', NULL, '1.00', '', '2020-01-19 15:33:57', '2020-01-19 15:33:57', 0, NULL, '2020-01-19 15:33:57'),
(395, 103, '1021', NULL, 'Coyote', 'ct', '129.00', NULL, '1.00', '', '2020-01-19 15:33:57', '2020-01-19 15:33:57', 0, NULL, '2020-01-19 15:33:57'),
(396, 103, '1022', NULL, 'Coyote', 'ct', '129.00', NULL, '1.00', '', '2020-01-19 15:33:57', '2020-01-19 15:33:57', 0, NULL, '2020-01-19 15:33:57'),
(397, 103, '1019', NULL, 'Coyote', 'ct', '13.00', NULL, '1.00', '', '2020-01-19 15:43:59', '2020-01-19 15:43:59', 0, NULL, '2020-01-19 15:43:59'),
(398, 104, '1108 ', NULL, 'Coyote', 'ct', '14.00', NULL, '0.00', 'MT', '2020-01-19 22:55:30', '2020-01-19 22:55:30', 0, NULL, '2020-01-19 22:55:30');

-- --------------------------------------------------------

--
-- Table structure for table `site_info`
--

CREATE TABLE `site_info` (
  `id` int(11) NOT NULL,
  `site_name` varchar(255) COLLATE utf8_unicode_ci DEFAULT NULL,
  `timezone` varchar(255) COLLATE utf8_unicode_ci NOT NULL DEFAULT 'America/Los_Angeles',
  `bid_cutoff_days` int(11) NOT NULL DEFAULT '7'
) ENGINE=InnoDB DEFAULT CHARSET=utf8 COLLATE=utf8_unicode_ci;

--
-- Dumping data for table `site_info`
--

INSERT INTO `site_info` (`id`, `site_name`, `timezone`, `bid_cutoff_days`) VALUES
(1, 'Intermountain Fur', 'America/Los_Angeles', 30);

-- --------------------------------------------------------

--
-- Table structure for table `user`
--

CREATE TABLE `user` (
  `id` int(11) NOT NULL,
  `username` varchar(255) COLLATE utf8_unicode_ci NOT NULL,
  `password` varchar(255) COLLATE utf8_unicode_ci DEFAULT NULL,
  `password_one_time` varchar(255) COLLATE utf8_unicode_ci DEFAULT NULL,
  `deletable` tinyint(1) NOT NULL DEFAULT '1',
  `role` varchar(255) COLLATE utf8_unicode_ci NOT NULL DEFAULT 'administrator',
  `date_last_logged_in` timestamp NULL DEFAULT NULL,
  `date_created` datetime NOT NULL DEFAULT CURRENT_TIMESTAMP
) ENGINE=MyISAM DEFAULT CHARSET=utf8 COLLATE=utf8_unicode_ci;

--
-- Dumping data for table `user`
--

INSERT INTO `user` (`id`, `username`, `password`, `password_one_time`, `deletable`, `role`, `date_last_logged_in`, `date_created`) VALUES
(1, 'admin', '$2y$10$aFuHxhyY6PnrGjdCrQC5ZeFTatoFcGcM6iq.udEyja00rTE9u6WAS', NULL, 0, 'administrator', '2020-01-30 05:57:22', '2019-12-11 19:23:14'),
(2, '', NULL, '726447', 1, 'buyer', NULL, '2020-01-08 03:27:36'),
(8, '6', NULL, '310720', 1, 'buyer', '2020-01-18 21:33:01', '2020-01-18 02:04:36'),
(29, '27', NULL, '996933', 1, 'buyer', NULL, '2020-01-18 17:09:09'),
(28, '26', NULL, '664898', 1, 'buyer', NULL, '2020-01-18 17:07:27'),
(11, '9', NULL, '287950', 1, 'buyer', '2020-01-19 15:11:51', '2020-01-18 15:56:11'),
(12, '10', NULL, '759939', 1, 'buyer', '2020-01-18 16:51:10', '2020-01-18 15:57:46'),
(13, '11', NULL, '728714', 1, 'buyer', NULL, '2020-01-18 15:58:11'),
(14, '12', NULL, '070813', 1, 'buyer', '2020-01-19 18:08:07', '2020-01-18 15:58:31'),
(15, '13', NULL, '330522', 1, 'buyer', NULL, '2020-01-18 15:58:54'),
(16, '14', NULL, '904010', 1, 'buyer', '2020-01-18 20:19:07', '2020-01-18 15:59:25'),
(17, '15', NULL, '400896', 1, 'buyer', '2020-01-19 15:27:45', '2020-01-18 16:00:05'),
(18, '16', NULL, '017429', 1, 'buyer', NULL, '2020-01-18 16:04:03'),
(19, '17', NULL, '103836', 1, 'buyer', '2020-01-19 16:52:14', '2020-01-18 16:05:57'),
(20, '18', NULL, '515884', 1, 'buyer', '2020-01-18 17:03:39', '2020-01-18 16:08:43'),
(21, '19', NULL, '022584', 1, 'buyer', '2020-01-18 22:52:43', '2020-01-18 16:09:56'),
(22, '20', NULL, '711144', 1, 'buyer', '2020-01-18 23:34:25', '2020-01-18 16:11:44'),
(23, '21', NULL, '603988', 1, 'buyer', NULL, '2020-01-18 16:12:48'),
(24, '22', NULL, '276064', 1, 'buyer', '2020-01-19 16:09:46', '2020-01-18 16:13:50'),
(25, '23', NULL, '045098', 1, 'buyer', '2020-01-19 15:36:08', '2020-01-18 16:15:13'),
(26, '24', NULL, '686435', 1, 'buyer', '2020-01-18 21:47:41', '2020-01-18 16:17:24'),
(27, '25', NULL, '904776', 1, 'buyer', NULL, '2020-01-18 16:26:03'),
(30, '28', NULL, '612543', 1, 'buyer', NULL, '2020-01-18 18:44:34'),
(31, '29', NULL, '827051', 1, 'buyer', '2020-01-19 16:00:54', '2020-01-18 18:51:12'),
(32, '30', NULL, '536482', 1, 'buyer', NULL, '2020-01-18 19:22:41'),
(33, '31', NULL, '404657', 1, 'buyer', NULL, '2020-01-18 19:42:06'),
(34, '32', NULL, '593102', 1, 'buyer', NULL, '2020-01-18 21:51:47'),
(35, '33', NULL, '255902', 1, 'buyer', NULL, '2020-01-18 23:33:07'),
(36, '34', NULL, '867476', 1, 'buyer', NULL, '2020-01-18 23:33:47'),
(37, '35', NULL, '731434', 1, 'buyer', NULL, '2020-01-18 23:59:02'),
(38, '36', NULL, '978143', 1, 'buyer', NULL, '2020-01-19 00:01:59'),
(39, '37', NULL, '730046', 1, 'buyer', NULL, '2020-01-19 00:02:07'),
(40, '38', NULL, '790609', 1, 'buyer', '2020-01-19 15:35:17', '2020-01-19 15:34:30'),
(42, '40', NULL, '747034', 1, 'buyer', '2020-01-19 16:53:51', '2020-01-19 16:53:09'),
(43, '41', NULL, '457803', 1, 'buyer', '2020-01-19 17:57:49', '2020-01-19 17:57:00');

--
-- Indexes for dumped tables
--

--
-- Indexes for table `bid`
--
ALTER TABLE `bid`
  ADD PRIMARY KEY (`id`),
  ADD KEY `seller_item_id` (`seller_item_id`),
  ADD KEY `buyer_id` (`buyer_id`);

--
-- Indexes for table `buyer`
--
ALTER TABLE `buyer`
  ADD PRIMARY KEY (`id`);

--
-- Indexes for table `item_type`
--
ALTER TABLE `item_type`
  ADD PRIMARY KEY (`id`);

--
-- Indexes for table `seller`
--
ALTER TABLE `seller`
  ADD PRIMARY KEY (`id`);

--
-- Indexes for table `seller_item`
--
ALTER TABLE `seller_item`
  ADD PRIMARY KEY (`id`),
  ADD UNIQUE KEY `lot` (`lot`),
  ADD KEY `seller_id` (`seller_id`);

--
-- Indexes for table `site_info`
--
ALTER TABLE `site_info`
  ADD PRIMARY KEY (`id`);

--
-- Indexes for table `user`
--
ALTER TABLE `user`
  ADD PRIMARY KEY (`id`),
  ADD UNIQUE KEY `username_unique` (`username`);

--
-- AUTO_INCREMENT for dumped tables
--

--
-- AUTO_INCREMENT for table `bid`
--
ALTER TABLE `bid`
  MODIFY `id` int(11) NOT NULL AUTO_INCREMENT, AUTO_INCREMENT=1202;

--
-- AUTO_INCREMENT for table `buyer`
--
ALTER TABLE `buyer`
  MODIFY `id` int(11) NOT NULL AUTO_INCREMENT, AUTO_INCREMENT=42;

--
-- AUTO_INCREMENT for table `item_type`
--
ALTER TABLE `item_type`
  MODIFY `id` int(11) NOT NULL AUTO_INCREMENT, AUTO_INCREMENT=65;

--
-- AUTO_INCREMENT for table `seller`
--
ALTER TABLE `seller`
  MODIFY `id` int(11) NOT NULL AUTO_INCREMENT, AUTO_INCREMENT=105;

--
-- AUTO_INCREMENT for table `seller_item`
--
ALTER TABLE `seller_item`
  MODIFY `id` int(11) NOT NULL AUTO_INCREMENT, AUTO_INCREMENT=399;

--
-- AUTO_INCREMENT for table `site_info`
--
ALTER TABLE `site_info`
  MODIFY `id` int(11) NOT NULL AUTO_INCREMENT, AUTO_INCREMENT=2;

--
-- AUTO_INCREMENT for table `user`
--
ALTER TABLE `user`
  MODIFY `id` int(11) NOT NULL AUTO_INCREMENT, AUTO_INCREMENT=44;
COMMIT;

/*!40101 SET CHARACTER_SET_CLIENT=@OLD_CHARACTER_SET_CLIENT */;
/*!40101 SET CHARACTER_SET_RESULTS=@OLD_CHARACTER_SET_RESULTS */;
/*!40101 SET COLLATION_CONNECTION=@OLD_COLLATION_CONNECTION */;
